GIS_ID;DistOxRoad
1582;341,2913396580000
1583;343,0683762490000
334;363,4093993180000
345;366,8207504300000
346;355,7773573450000
330;339,7501876430000
347;366,0385659080000
1581;346,0658329640000
340;342,4200149180000
335;367,0082034170000
341;344,3695729540000
342;346,2743480200000
331;344,7829403040000
336;358,7304608250000
337;363,4215556540000
332;342,1426615880000
333;350,7565720980000
343;341,3304750840000
348;367,2826275990000
344;350,5143035620000
338;354,9318599290000
339;354,4432834220000
349;355,1890952150000
350;360,3395298190000
1595;172,3343503060000
1531;169,2292930920000
1588;186,7456668500000
1609;188,5746204380000
1532;170,5317060720000
1608;184,8942117030000
14;157,2293654960000
1719;178,7339710250000
42;183,1990957640000
15;154,9159262450000
1592;177,9343963790000
1795;164,6002031950000
43;178,5587909060000
16;160,7713401250000
21;165,4348398340000
1717;174,6006986660000
32;183,5516153450000
22;171,7513675600000
9;170,5294292620000
33;194,1530120470000
23;178,6417397450000
1607;191,8628394370000
24;169,8078682960000
34;186,2762563140000
35;161,7748656670000
17;158,3902934530000
18;155,5909069850000
36;167,5811597800000
25;180,6084044530000
26;178,4247784250000
37;156,9935355400000
1594;174,5268636270000
1593;179,3345004710000
27;175,6404667050000
1796;166,1302089550000
10;165,7781971880000
1794;163,6574242390000
28;164,9440932120000
1793;159,4507485470000
19;162,2835742690000
38;168,6058511950000
44;174,2103090190000
29;170,1316703120000
45;167,4160336230000
46;174,7483447390000
39;167,4542553210000
1718;178,2336091450000
11;162,1689625000000
1587;188,2091905700000
1591;172,5833678300000
40;152,2442045000000
30;177,3497336460000
31;174,5812332810000
12;171,5850045930000
13;166,6460318440000
47;176,5011117230000
20;153,6054916470000
1586;159,8150146010000
41;163,5067174200000
48;170,8712154680000
1453;12,2426048413000
1458;17,5403336582000
1454;8,3455945202300
1459;11,2342839154000
1455;18,4955833762000
1460;16,7904751189000
1424;12,7374574167000
1461;12,5684928249000
1443;4,9626641537100
1432;10,5900710435000
1444;14,2563354695000
1445;7,0230226777100
1732;16,8996203067000
1433;0,5216401319260
1462;9,5465396745100
1425;6,0396933015500
1446;6,1715261350600
1434;0,2614783647480
1435;0,3493008290820
1426;8,4034390298600
1436;4,1655423292400
1447;7,5721215941800
1437;3,9101246194900
1438;2,1593349070700
1427;7,6005210095600
1428;0,0433113015637
1429;2,7940876454500
1439;3,7100781918800
1440;5,4066711325900
1463;8,9490449538600
1430;13,2114562405000
1448;10,6667974111000
1456;10,7284976382000
1457;14,5279987946000
1650;14,0526466130000
1441;0,5125196112550
1449;10,7946205418000
1442;0,2288193918270
1450;16,4294691826000
1452;11,1499492577000
1451;18,9394409839000
1431;3,3696256686400
632;2,7076337502100
581;13,8284706068000
606;0,0106577918466
615;5,7086195709900
616;12,9113361778000
633;0,8593696978500
594;15,6686922612000
617;7,0672321493400
1682;5,3528038281600
562;7,8970958061300
612;35,5147474340000
563;1,3316007441100
1559;9,1051580481800
595;10,3598753060000
564;5,0980095170900
596;1,5239663481600
1602;1,7718833844000
565;3,1968024628500
1679;11,4847649895000
597;2,3460350856700
582;3,7053873334100
613;38,0087162607000
618;7,0451570459400
1680;5,3134212444500
583;0,6320150268270
584;1,2813725047900
1630;10,7207871175000
619;2,6353347837700
607;0,8042234216330
566;11,5769318809000
585;2,6259996287600
598;12,4190965372000
608;5,9017187156200
620;3,8408528355300
567;5,2378515577300
609;5,7209678078000
586;0,0841581732877
599;5,7923019548500
634;0,9455726657220
568;0,5167826141590
600;16,1422082700000
621;10,9000438622000
622;0,3025241984870
569;9,1335664011700
623;1,2004986307200
1714;20,7093611544000
610;1,3068968348100
624;7,9278921679200
1631;9,4338986209600
570;6,5397138976600
571;10,0952140921000
625;16,7137455214000
601;31,9604571675000
602;26,4540746516000
626;1,7199274097200
635;3,9688071974200
603;7,3036409706500
587;3,1193957599000
572;2,2501873205700
588;5,3341721229800
573;0,6070243259570
604;11,5916710083000
574;4,1126858318300
627;1,0764188002800
589;1,8063416309600
1683;7,1021412689400
1716;1,0287467579400
1715;17,2848709575000
575;9,5312679591900
628;8,7995866784700
629;13,0374162467000
590;0,4676638722260
576;4,8309436701100
630;3,8880768854700
611;2,0163095300300
614;30,7793496609000
631;4,4250435019900
591;8,1824143777700
592;5,4965628043400
577;12,8609455010000
578;2,4110666734200
579;7,8258819565200
605;6,0261041372100
1685;9,5439478229600
593;1,1258103241000
580;7,2554617395200
636;3,8177525192600
1778;130,0887494380000
154;119,4154839890000
122;116,5409096760000
1730;76,0663062153000
155;121,5947499520000
1775;117,2876270830000
134;137,0756381190000
123;116,0016351950000
1779;140,7698458190000
124;121,8404298660000
161;132,9126221190000
1782;125,1360814920000
156;119,8106406870000
125;120,5019672610000
1781;133,5353111540000
135;146,0306478580000
1783;135,6437818670000
126;115,7719990540000
1787;137,9560391810000
127;118,8242153240000
128;122,6160406050000
162;124,9441416030000
1621;144,3776164790000
157;125,6575223130000
1792;132,2474078570000
163;141,6400564120000
1785;127,2003557840000
158;119,0592979660000
164;126,5120422810000
1773;105,6105068100000
136;149,4828886050000
1840;112,5319949260000
151;71,0233607431000
1788;131,6541919430000
137;141,5101977550000
115;116,2169466510000
1620;143,0304634250000
165;132,9842433240000
138;131,1473158810000
152;69,4771980281000
1790;138,3384656020000
149;136,2164508130000
139;137,4978738730000
150;118,9437462580000
1731;72,6161523415000
166;149,9488496310000
1774;103,6376587560000
129;126,2755019610000
130;125,4859772590000
116;109,6487772060000
1791;142,4504157780000
117;96,0616539068000
159;106,1491955910000
167;129,5084181780000
131;129,2874823570000
0;150,6768138150000
132;124,6416226060000
140;136,3296996540000
168;129,9223319020000
118;114,9746956060000
1604;145,5947777970000
119;111,2675709270000
1789;127,2501003690000
1584;122,0483062030000
1784;122,9644406490000
141;143,8456925740000
142;138,1360841830000
143;137,6594296820000
144;140,5656330780000
145;132,6314794270000
153;73,9633016254000
169;138,3418486070000
146;146,2174733140000
1776;108,5992612100000
120;114,1355617700000
170;144,4593965260000
1603;141,3480093740000
147;135,1583666910000
1780;123,8229332350000
1786;133,9669755380000
160;116,0805854320000
1777;112,1209308260000
148;147,5289476610000
121;103,8437348020000
133;126,6360912800000
102;159,6758769540000
60;185,0975616600000
49;161,8955510670000
62;187,8150677290000
61;190,3769737460000
1612;193,3891245780000
50;163,6187277140000
51;168,2634510690000
80;173,1599591890000
1613;194,8900526070000
52;168,0997846540000
74;196,0205022990000
103;159,4104364490000
104;158,6425805060000
75;191,0687116860000
81;164,4114761440000
63;187,5806298740000
91;179,4286874330000
82;171,6586701070000
92;172,3064175700000
76;188,5106958660000
83;161,6475391430000
64;183,4374596610000
65;185,3966916780000
1615;168,9316499720000
84;175,1856008080000
1611;193,3766868540000
1585;178,9640258610000
53;172,5294228650000
66;183,3385794840000
93;175,2414155100000
85;168,3915481900000
94;177,6681722070000
95;176,9857585300000
96;181,6495986630000
54;163,3003729460000
105;154,0805122670000
106;154,7833134380000
97;171,8577818630000
107;150,9427347450000
108;154,0435480990000
86;172,0165217770000
109;156,8085117230000
87;161,2743619470000
1614;197,8379036130000
1606;176,6243390180000
1605;175,7979068360000
67;181,0157343230000
110;156,9771894540000
77;192,9888968740000
68;181,2531723760000
55;165,3443385020000
111;160,5117958500000
98;174,9382346810000
56;162,2575580290000
1619;168,8114937770000
112;153,2266362880000
78;190,2038497890000
1617;168,3623528980000
1616;164,8344308890000
69;178,3631997300000
70;178,7529660690000
99;172,1663897050000
100;175,7894319910000
1600;201,9790278580000
88;163,3819207550000
57;165,2929960290000
113;157,6167500280000
114;157,5519779730000
79;192,4178480520000
71;178,4824138650000
101;174,3225049190000
1610;203,0696902060000
72;185,7468454590000
1618;171,3083270450000
89;169,0390883850000
73;183,6254416440000
90;171,1157553080000
58;175,2231219740000
59;168,1758856740000
1824;115,5225992380000
1832;135,7370012590000
1827;117,2643986970000
376;125,1752023160000
1720;111,8139554220000
351;155,0460952760000
387;150,2085123500000
366;136,0434963440000
1816;116,3542144680000
388;150,0703716840000
389;141,2664501080000
1814;139,1640155050000
352;162,0337241380000
358;167,6060036970000
367;130,1593788790000
368;138,2173094130000
390;147,6405990700000
369;139,6207543820000
1810;167,8026792320000
1821;119,9322865460000
391;144,1302239010000
1846;118,9918062440000
1801;164,3800879550000
382;119,5772616110000
1823;118,8430921240000
377;114,5522124720000
392;148,5994618680000
370;133,0916604690000
371;134,7412336800000
359;173,2959976490000
360;168,7867458740000
378;120,0870858830000
393;137,2914137740000
1811;166,6265341150000
1825;106,2887134570000
361;171,7087603440000
394;155,1582351860000
1804;154,5789994750000
372;139,4700035600000
1829;110,6141931360000
1817;122,8118462180000
1802;167,2311199380000
379;115,8305533780000
353;169,7755832530000
1808;151,6361974440000
395;136,5842306400000
396;136,4160235040000
397;147,2832185140000
1826;113,6797417690000
1815;130,2371149290000
380;117,9093666490000
1809;161,1973527580000
398;153,9614157390000
399;155,9506384920000
1803;160,6782465810000
354;159,5458902370000
1805;157,8741882670000
362;166,0873077470000
1818;135,8466660270000
400;149,6649737450000
373;132,1954136850000
383;125,0893043790000
401;145,0215012780000
402;144,5811746120000
1721;108,2304996240000
1812;163,8146081690000
384;121,5660017950000
374;129,0414038690000
403;144,6207733160000
1807;155,1738962190000
1833;127,9097726940000
1799;170,3375596670000
363;163,6377442320000
1845;132,0480976090000
385;122,9374468250000
364;170,4928181730000
365;167,6741382140000
386;112,7793091170000
355;161,7831695930000
1819;127,6362545630000
404;155,0861713290000
356;164,4978796200000
375;136,8129775000000
1822;131,5276529430000
405;146,8098052050000
1830;116,0082793650000
1820;125,7391213420000
1828;110,6288381790000
406;143,2092892510000
381;122,2735676390000
407;147,1756879180000
1831;113,3423152530000
408;141,8591606880000
1806;152,8444698300000
1813;164,8449284500000
1800;174,9107317460000
357;158,2276422260000
409;145,8411175630000
1579;132,0256188650000
410;74,4021245790000
479;70,5782696645000
437;62,7331892214000
467;38,4295649800000
418;34,1719632854000
468;39,4609381074000
419;40,0408323081000
454;61,9422961988000
2;59,6597431076000
411;77,3353879427000
1766;45,0824344923000
469;42,3696205363000
441;55,6753424778000
442;57,7750729289000
420;28,9605181831000
412;81,9177844340000
443;65,9507113425000
480;75,3831071813000
421;42,0951791981000
1751;80,2255192739000
470;42,5377017396000
458;51,5542690442000
444;60,4876895197000
471;47,2653380446000
422;44,0321057275000
1627;72,1221410620000
1768;34,3622014143000
1769;34,7235811412000
423;36,9599875490000
472;42,0421723419000
1762;53,5755293329000
459;49,3659403495000
473;46,3368675676000
1735;41,1380570464000
438;62,5614370685000
424;37,1190561758000
1771;33,5411878059000
1747;47,3956492336000
460;48,2523916552000
481;68,2809219843000
474;41,7768236369000
475;32,6533529642000
425;41,3442137475000
1752;83,1883086001000
1763;53,3658824679000
1761;61,6253164824000
426;36,8129211049000
413;80,0302762183000
427;48,3556644408000
1758;66,5962289564000
439;63,1047308928000
414;75,2606322831000
461;54,2938385951000
1753;80,1580056579000
1578;29,1208553122000
1577;27,5398183901000
1750;76,3285525610000
1759;67,5783506379000
445;63,8307712881000
455;56,4439152782000
482;65,3106466654000
1764;57,9188418501000
1765;50,5642003758000
483;64,1604369428000
476;39,5019050802000
1626;66,8032501317000
462;42,6797340603000
1;48,2008275217000
440;65,8048803146000
446;62,5907184009000
415;84,7271314949000
484;77,0017038895000
477;36,1067931904000
416;80,9475470120000
485;79,0625054216000
478;46,2924708838000
428;36,0492970140000
447;60,5205246169000
1757;67,6131245950000
1628;65,5082545121000
1756;71,4504374558000
456;58,2932912569000
1760;69,3913850339000
1767;46,2563157045000
429;45,7028858577000
448;64,6637568047000
1754;79,3022661402000
463;52,2134475586000
430;41,5589444310000
431;44,7758717508000
486;72,2666474533000
432;37,9156627783000
464;58,4252997504000
433;36,7170600788000
449;52,6334432334000
450;60,4231121095000
434;40,2260191674000
451;57,5214878933000
1770;37,8149826006000
457;59,3958004782000
435;43,3826875404000
465;52,9537829090000
1574;31,3304835285000
452;52,7855934780000
417;84,6838820504000
466;57,0110502790000
453;51,3000231178000
1629;69,3758045508000
487;72,2988398464000
1772;37,4218977466000
436;46,2031045204000
1755;67,5536282974000
266;171,6899597270000
278;178,4869501940000
317;157,8926483270000
318;144,5555720220000
1597;166,4873390890000
253;166,9548704280000
298;170,7314083950000
299;196,3492125490000
1599;164,6896202410000
1797;181,6308771480000
300;192,8430200770000
254;178,6592669260000
267;164,7603789270000
1580;175,4885291590000
301;178,9034422790000
319;154,5870658560000
304;187,4965182170000
320;147,9770294360000
255;164,1038608860000
287;159,1091223520000
305;189,5108293130000
306;184,1704705610000
256;175,8525498670000
321;152,4176781680000
257;181,0536135860000
288;156,7084813790000
307;192,4838989350000
258;181,1586163520000
308;194,3821201710000
268;176,7061402210000
269;173,4501152570000
279;178,8673176930000
289;160,4066928320000
302;190,4067631930000
280;169,2765798280000
1834;154,9281446240000
259;171,7085316790000
260;169,9756382950000
309;191,8652469280000
290;160,3158714250000
310;186,4375555730000
303;200,2549266060000
311;188,9488544940000
270;173,8369716910000
291;158,5291820070000
322;144,0192111730000
292;158,2901722840000
1624;152,0058027160000
271;169,6381771380000
1598;169,1561555210000
323;150,3024440740000
281;173,2748344590000
293;154,3761204380000
324;151,6103796600000
325;147,8630376230000
272;171,9965792200000
312;183,4298486070000
273;165,1143140730000
282;180,9413248080000
1601;186,1529333380000
1798;185,6699413920000
313;190,9842693480000
314;192,2655156490000
315;184,7967215550000
294;160,6247803730000
261;172,3368158990000
283;171,7618093760000
295;161,4202119170000
284;173,2196917580000
326;154,7970016690000
327;148,3553577390000
262;183,2835370320000
274;164,8334693000000
285;168,2581907620000
263;180,3599052420000
316;185,3168745720000
296;150,9515923280000
328;165,4066241160000
297;155,5741670760000
264;168,1205177350000
275;161,4756540730000
329;149,4398023870000
265;176,4670086160000
276;165,8780046950000
286;173,4708181150000
277;169,8995524580000
988;69,4448292299000
1688;45,9474904437000
1699;79,9184649840000
944;98,6130542207000
997;29,8614109972000
1025;60,5646478283000
1020;35,1389578083000
1044;67,8336630409000
979;44,2108214379000
980;41,6159311108000
989;77,5188378945000
958;71,5121946414000
990;75,8834064739000
991;77,3741747083000
992;68,6385591155000
1045;53,2044697545000
1703;85,6188836416000
981;38,0833582454000
1026;45,9209914755000
1017;54,3692504908000
1006;34,5982787933000
1690;55,6975562838000
959;73,0949453650000
945;69,5933995552000
960;81,1445308414000
998;26,7477096503000
966;41,0809579207000
1638;87,8378282635000
999;32,7357319410000
1021;42,2905616315000
1695;81,0568365760000
982;39,0325842256000
946;79,4775061215000
1027;65,1401551703000
1000;23,0775819657000
947;73,9519066092000
1637;88,2486238000000
967;44,3233861214000
1001;39,0679983724000
968;49,5911283384000
948;88,6431223676000
1022;42,6381706310000
969;37,9588162623000
1726;65,8848173869000
1007;33,2262450309000
949;74,9513151630000
1046;54,0991013354000
1639;19,7654870757000
961;89,0115285703000
1018;50,2801015849000
962;87,2778985398000
1047;58,2351865349000
1028;59,4660950149000
1008;13,6730863418000
963;83,8801163239000
1029;49,7129233286000
950;84,0796308453000
983;40,1645977186000
951;80,2990093580000
993;65,4991427082000
1701;70,6653794905000
1696;73,1873423896000
1002;29,4633456692000
1030;41,5483129923000
1031;55,1355781221000
984;35,7359652985000
970;33,1680974838000
1023;39,2169181536000
971;36,9493669561000
1032;55,0500979949000
1003;40,7813997660000
1698;83,7944917317000
1009;29,5831192601000
1010;28,6077581328000
1033;65,2795431153000
1048;51,6816688025000
1689;46,0840398221000
1034;50,4012575582000
1049;62,1420367467000
952;72,2698526688000
1702;76,3996567555000
1035;66,2102327528000
1011;17,7989345837000
1642;38,1162407534000
1643;39,3018902284000
953;79,5166204941000
994;66,0731064423000
964;85,4496511892000
972;45,1861731243000
985;46,2093904203000
1024;32,5978334113000
1012;36,2007317672000
1036;50,9063275141000
1050;68,2975681781000
1013;22,8285165885000
1051;57,5587385574000
1037;54,6035028376000
1014;9,9043003752700
1004;36,1911899625000
1693;45,8422491408000
1015;29,2060481537000
1038;53,1617191443000
986;47,1311225902000
1016;18,7891876913000
1052;66,8804972359000
965;79,8676114173000
1053;52,4035198070000
995;60,0467488577000
1691;44,0814328089000
1697;76,3845367942000
1019;50,5917426992000
1651;41,9832927253000
954;82,7613743795000
1039;57,7555045499000
1700;86,6808228485000
1040;54,5404734260000
1005;25,7429005833000
955;83,5591296875000
987;36,3241575171000
1694;50,4998994566000
973;37,8670443703000
996;66,9490660139000
1041;61,6622140175000
1687;49,8130522199000
956;85,6186216883000
974;48,2049796899000
975;36,4409133080000
1636;90,9954578331000
1043;45,5276062822000
976;46,9389449709000
977;42,6602011547000
1692;54,3496683650000
957;75,1339241355000
978;33,9691348540000
1042;57,7224909041000
1686;44,0636841235000
1385;43,3286993543000
1350;5,5152773570600
1418;24,8415345854000
1407;50,2081809846000
1359;24,3864945288000
1386;39,7878644859000
1367;7,1467275088500
1351;0,1316657084150
1360;28,2610253564000
1387;38,8434934358000
1375;26,1120848474000
1368;5,8692612671400
1388;22,2238828395000
1369;11,9553362871000
1352;5,1237250552500
1403;12,1933764950000
1389;30,7676753017000
1404;22,5561877654000
1390;44,5828021481000
1361;18,7345427934000
1405;12,4240664343000
1706;57,7649048199000
1353;12,6388352321000
1376;19,7547804731000
1408;54,6909148064000
1419;30,4896357170000
1370;12,2417569959000
1420;40,5070707783000
1391;48,0602496339000
1362;23,7759449280000
1707;47,5050510623000
1363;19,6068788543000
1354;8,8567440841500
1377;15,6768710902000
1409;46,2563241229000
1355;12,8521000132000
1371;9,5211114054200
1410;48,5287442998000
1411;52,9586323318000
1372;1,2384259565900
1412;61,3048194757000
1373;1,4273989419800
1378;38,9470021223000
1392;44,1989021452000
1393;33,1310469933000
1413;56,0824127555000
1394;33,7102177837000
1379;18,5414992157000
1414;60,4039798048000
1415;49,9362571706000
1381;23,9732865386000
1380;27,1773540683000
1382;23,3156081013000
1383;21,7256362328000
1647;16,6777743947000
1356;10,7459385640000
1395;28,9442198234000
1396;42,7601137095000
1421;34,6709438951000
1397;32,9583578350000
1422;36,7872077818000
1357;6,1376660156900
1416;40,8668367978000
1417;41,6346016289000
1358;4,9321034337500
1374;0,1903475997240
1364;20,9416555335000
1398;35,7127088762000
1399;27,2820212171000
1400;19,6005201414000
1384;29,6903591496000
1365;26,7670034662000
1406;4,5236202426400
1708;56,8031844368000
1402;28,1411542042000
1366;17,0059727282000
1423;36,8972005881000
1401;28,9588422727000
1268;24,0298596589000
1292;50,0774725870000
1269;34,7102446277000
1270;29,7074539073000
1293;30,5137161004000
1548;6,3724742330200
1282;48,6485142174000
1294;53,0571049839000
1253;52,6331142594000
1316;67,8664424388000
1254;58,8410797506000
1341;69,6024416739000
1307;48,3590683801000
1261;31,6333567865000
1342;69,4407967176000
1262;22,0438647952000
1317;57,1112280227000
1255;48,2826670316000
1343;72,0949508673000
1344;71,7671903844000
1318;61,2272169291000
1295;49,5155230473000
1596;72,4420106794000
1561;43,3382592741000
1271;17,2931903671000
1319;52,9081442875000
1296;60,8264351925000
1543;15,5306334357000
1297;36,6305617935000
1256;52,8722289758000
1668;70,5680360521000
1550;61,3191859310000
1320;63,2909279711000
1308;54,6495753483000
1272;21,5868847669000
1298;40,2069240177000
1263;25,5023446603000
1299;41,0599713155000
1345;66,8572102604000
1309;35,0033467192000
1283;54,1178422530000
1321;45,4939659249000
1672;69,2272357167000
1346;67,4251889309000
1331;47,3449321796000
1273;12,9513116172000
1322;63,8182002968000
1310;46,2171635817000
1676;52,9776952305000
1332;60,7024078015000
1300;35,7402687240000
1301;41,8870721088000
1323;57,9402179133000
1302;47,6405447570000
1324;64,5732467109000
1671;73,6148381698000
1325;59,7318458036000
1311;57,0424036267000
1333;41,7128200130000
1326;55,4361001231000
1284;46,1158484666000
1257;41,7166203316000
1274;28,7715612910000
1347;68,0332520368000
1327;48,1603763720000
1275;23,4336294082000
1285;64,7997538266000
1286;65,9809616367000
1328;60,2312540022000
1264;32,3566099970000
1334;51,9175991092000
1265;25,3942205136000
1266;30,7010437022000
1267;25,2312873955000
1276;26,1506952121000
1303;43,6864827029000
1277;28,7139628344000
1258;53,8148689264000
1553;29,2106964376000
1335;62,8435362273000
1669;66,9118742363000
1675;61,2717953683000
1313;42,2093238403000
1547;15,3719785700000
1259;50,7316148428000
1314;60,6404030188000
1260;43,8884630347000
1278;35,7650434122000
1287;57,7955447220000
1336;68,2476600897000
1315;50,5827581617000
1288;61,4571456777000
1337;36,7489775404000
1279;23,0675930006000
1289;54,5041001657000
1348;72,1488561498000
1280;34,7880579687000
1329;64,4618765126000
1338;55,5862786884000
1349;69,6991562409000
1670;67,1955585588000
1304;44,9134882461000
1290;62,8947684609000
1305;57,3921759827000
1330;41,7508065729000
1281;34,2330289714000
1339;46,1516075729000
1340;38,4518346734000
1546;39,5970345260000
1312;43,5444065110000
1306;46,7338940856000
1291;56,3516520823000
1552;22,4601041188000
1123;31,8531807396000
1111;17,0837022641000
1124;37,1258421975000
1140;4,1960731161600
1112;23,6315472397000
1125;22,2383415484000
1166;9,5053000977600
1134;54,5702129727000
1126;34,1602239772000
1141;12,8693126930000
1151;35,9507242436000
1113;21,5119047490000
1144;14,4906383457000
1142;6,6461624015700
1114;31,6594862190000
1167;2,3164801632700
1152;26,9188316611000
1135;16,3943471376000
1729;28,1333168154000
1136;14,7449324687000
1153;30,7225067481000
1127;34,7086496058000
1154;29,7189712870000
1168;5,3505208321000
1169;6,8871866388000
1565;13,9962353602000
1155;22,6858111007000
1115;22,5984078146000
1128;29,2046504497000
1156;30,4726795070000
1137;16,9723864801000
1170;1,0194060928000
1157;25,2811767930000
1143;10,3250518312000
1116;24,6782534196000
1129;27,9582915323000
1130;27,7879340004000
1117;21,4464283129000
1118;24,7467980882000
1119;27,3378576961000
1131;32,2169977797000
1120;26,2476306840000
1145;11,4094129400000
1158;35,9646839568000
1138;21,0789098753000
1171;4,5428339750800
1159;26,4331227248000
1146;14,3371400090000
1121;20,6984143723000
1564;19,3541362027000
1147;8,8805246148800
1160;25,0920273702000
1148;13,1863532800000
1172;6,5598696689600
1139;17,8045833280000
1161;34,4034574102000
1132;26,3507555489000
1149;7,3867752931700
1133;35,7327314863000
1150;17,2750789393000
1122;30,9822629143000
1173;2,4545307344000
1162;33,5763352908000
1163;20,4472301172000
1174;10,2546725268000
1164;31,8425729341000
1165;20,3401974189000
221;115,3217880990000
182;147,2083458120000
171;145,4369130280000
183;153,1934342200000
172;141,6806998380000
205;119,9218810620000
184;148,3187348910000
173;134,5987164340000
204;163,6161565360000
222;124,7695250410000
185;159,5734105980000
1623;145,7752668840000
223;128,7301960740000
1625;147,0632557550000
186;168,3810779380000
240;139,1418195840000
241;136,5543342500000
224;125,5569146800000
242;139,7023566820000
206;125,5088949230000
225;131,2667065500000
207;128,3190587560000
243;144,6545487660000
1622;144,7433752290000
244;136,6324756670000
187;150,8120241710000
188;165,1301705220000
208;122,3864912600000
209;121,9050148870000
245;151,2165202990000
226;133,8917820540000
227;131,9140329770000
246;141,9069743090000
229;134,6196537520000
189;153,0388112460000
228;128,4437108260000
190;156,8626827780000
247;143,4692540810000
210;134,0982630160000
174;141,0143818190000
1836;119,3593043690000
230;134,5964168080000
1837;112,7533718200000
248;135,6011152150000
249;138,6268691700000
191;158,4296994120000
211;123,5262549500000
175;138,8128294250000
1835;121,6443163520000
250;140,1062477850000
176;136,4413248970000
212;130,1806367830000
192;160,2107535770000
231;113,7658929500000
213;131,9561275590000
177;137,3912000670000
193;153,5153561890000
194;153,6496582800000
214;126,5209665370000
215;127,4764006510000
195;149,7405927860000
232;120,5315932240000
233;127,8686706790000
216;127,5276683710000
178;141,9822182670000
217;125,0390570010000
218;128,5381750710000
196;157,9328957080000
219;131,0896408740000
179;138,6108317170000
180;139,8984779930000
234;130,2142069980000
220;127,0162672500000
235;131,8457182700000
197;159,6205501450000
198;167,2768107480000
236;133,2959021810000
237;126,3274464290000
251;139,2775469680000
1839;116,1603418230000
252;144,3827267470000
199;153,8281709840000
1838;119,8716518280000
238;132,9222100800000
181;143,2280541480000
200;153,5331497250000
201;158,1165681130000
202;161,5870811720000
239;130,3646161300000
203;162,8773294460000
506;61,2207833012000
507;58,5606515613000
3;87,6934427972000
530;78,1460794050000
1575;57,1272021602000
545;88,3711038238000
508;62,5645196213000
1722;59,5107661347000
531;79,8562305474000
488;82,8549371048000
500;96,2111459784000
509;59,8669689217000
532;68,5422216143000
533;75,2051946364000
546;79,1166540511000
547;80,4304755615000
510;66,0759294077000
548;85,0589004929000
504;88,4201797795000
549;87,8477636791000
1740;89,0210827925000
1576;56,9160996193000
511;66,7955495251000
489;77,9638932701000
490;81,0630141490000
491;85,6669149107000
512;63,0566659076000
550;75,9568023412000
551;78,1805834946000
513;69,0942268517000
492;89,2668278269000
514;61,8764286244000
515;51,0275645639000
1741;84,4120826565000
516;68,2151956630000
517;53,3449954206000
518;50,7312017015000
534;75,6695336286000
519;67,4851969607000
552;84,0271534073000
535;73,8776421093000
536;77,3099964255000
493;85,7509898285000
1743;88,7542600516000
505;91,3406420425000
537;75,6951678011000
1736;50,8257249091000
1744;86,0745847233000
560;73,5392609339000
1841;71,4644726385000
1749;91,0250404686000
4;89,5121706282000
520;54,7043948822000
538;72,7393610273000
494;88,4035258748000
553;82,8704139483000
495;70,1556076527000
1843;66,2923106811000
1739;86,1575759565000
496;73,3644154002000
521;58,3907404773000
501;88,3450591024000
554;82,8107566364000
1742;87,0585630957000
1746;85,0869214081000
1590;99,2877912911000
539;71,3392809187000
1589;98,6407570396000
540;78,6588345755000
522;54,0341891447000
541;79,3012717486000
497;83,5195863891000
1723;56,5303899163000
555;73,7465829206000
523;56,3821806196000
556;70,1145395186000
542;84,5256850074000
1842;62,9210643264000
502;94,4911839062000
1745;85,6912621513000
503;91,7456102252000
543;80,1353358286000
524;67,3378378360000
557;82,6761590212000
525;64,8400754526000
526;59,4622231786000
498;87,4479409194000
527;55,6986968812000
528;69,4822938408000
1737;65,0723721093000
1748;87,5813011551000
559;68,8129989364000
1738;62,8142601777000
561;66,0634479082000
499;87,6732943159000
558;83,0262485223000
529;59,2249193498000
544;71,9382383395000
1518;38,7383930686000
1844;31,1579492097000
1526;20,5617241868000
1527;23,4468729258000
1733;32,3528751330000
1724;28,8306834151000
1519;34,4071725113000
1520;35,4888741644000
1521;33,6910556257000
1522;41,3008925148000
1516;23,4830736034000
1734;36,5356747192000
1528;19,7127150842000
1725;24,1400740398000
1529;21,7732291944000
1517;30,4020379575000
1523;27,3694906774000
1524;39,0222553934000
1525;28,0929915201000
1530;17,4997552972000
1560;67,4870259064000
669;29,8689746593000
1653;21,6075824500000
637;55,0409398227000
670;33,8624962658000
1663;44,0556490101000
698;53,9074148629000
671;40,2847787338000
672;22,6969862046000
684;34,3304173222000
673;34,7945956785000
674;30,5622645798000
685;37,0368493462000
675;32,8859798882000
699;62,0555123542000
638;55,2127083305000
708;4,6904595655900
652;40,2181057280000
639;45,4498626900000
640;51,7240878963000
1666;61,5303637750000
700;54,2410280023000
1661;32,0273570135000
653;24,9094408166000
709;1,0725848473900
1709;49,2565362595000
1662;27,5977301020000
701;57,4017062461000
702;50,0044476596000
686;47,2758211429000
641;57,1652576448000
642;47,7205969767000
643;47,9261850386000
1710;49,9228789836000
703;44,7375323658000
676;24,8130421022000
1711;42,8629007279000
687;49,2428978051000
710;1,1318674568900
1656;5,4909883341700
711;0,2035005043830
654;32,2452055540000
1657;17,6845511396000
689;38,2912430938000
644;62,2994837492000
704;55,1647095591000
688;35,5540011005000
690;39,7356288571000
655;38,5830883130000
691;31,3956388583000
662;53,3412579020000
705;48,2683785009000
692;41,6078047543000
693;44,8054940127000
1664;44,3126504997000
656;35,8907075615000
677;24,8437125200000
657;28,9296512498000
1712;41,3660028605000
678;39,1581726955000
663;35,9820515702000
664;40,3600315052000
645;44,5670562693000
646;45,3536355799000
679;37,2097325354000
647;41,9452288740000
680;36,9195555885000
706;46,6320805675000
681;27,5099630081000
648;51,1834785959000
665;33,9646304118000
666;34,7941373099000
667;37,9418112172000
668;39,7516159729000
658;34,2915546947000
694;44,3984411993000
682;31,7968681055000
1654;16,8846669041000
1713;48,0010848027000
695;40,2932169140000
1655;19,2110516374000
1665;45,1434395660000
1658;8,8272889149500
659;43,4170705372000
707;60,6764334118000
660;31,7047672668000
649;49,2889082847000
650;52,4797899595000
1659;12,4059384307000
1667;58,7177200114000
696;40,5007428560000
651;59,3769257181000
1660;15,4362054057000
697;41,7171352750000
683;37,2588107328000
661;39,4552760929000
1652;23,4191013784000
1492;27,9036397613000
1464;21,7502080403000
1477;40,8019158153000
1478;33,3107364373000
1465;32,2925220354000
1486;16,7222551458000
1487;12,9487899470000
1473;34,9657937092000
1479;30,4884531770000
1474;38,8462057269000
1475;41,9243038345000
1488;23,1243835904000
1466;30,6894063521000
1677;38,5268829451000
1678;39,2124670773000
1467;16,2496333716000
1489;18,2371446496000
1480;22,4949042479000
1481;24,5702214920000
1482;35,1744762479000
1493;33,9303701366000
1483;24,3702567514000
1484;37,9337648212000
1490;11,2540639690000
1468;30,9856293393000
1469;24,5834277689000
1485;46,8698940276000
1470;29,6879979873000
1471;19,7948361989000
1476;39,2575680840000
1491;6,5249202370200
1494;29,5606299334000
1495;25,6564068902000
1496;28,3096980115000
1497;33,9356962214000
1472;24,1161647873000
1187;13,9786674358000
1728;37,0179744841000
1175;29,5352647984000
1176;27,0204170068000
1228;18,4122480074000
1244;2,0340526972200
1193;20,1494637812000
1221;21,7557489485000
1199;17,9863494825000
1217;3,0775266656400
1563;18,8757351581000
1200;13,8988964493000
1194;24,5226900934000
1195;24,5394007090000
1245;4,2631777295700
1211;15,9756807617000
1229;10,2941110728000
1230;1,5460653001800
1727;37,1519967648000
1231;7,2901935354400
1212;20,1508088291000
1645;16,8909899154000
1201;22,9586376418000
1202;17,2484717700000
1222;21,4413941649000
1188;16,9561318396000
1177;41,4178103706000
1232;9,6623736413800
1178;24,1957116984000
1246;4,7911122739500
1233;3,9432088824400
1218;6,9046111171300
1247;0,0761079076569
1219;3,3299008968900
1179;34,8308330413000
1648;20,3830974178000
1248;1,6018205454300
1203;19,2584505208000
1234;8,2610009371000
1249;10,3860575969000
1204;17,7002245191000
1180;27,5952685099000
1644;18,0549426589000
1250;5,3989169289400
1213;17,3578885712000
1251;5,1652069277200
1235;14,4721941954000
1181;31,9264415160000
1236;9,2088385013000
1252;3,0595860948300
1182;33,7217044930000
1214;12,0749444431000
1215;12,1622796268000
1205;23,6102314851000
1206;20,4648753650000
1183;23,2899159304000
1223;24,6148961534000
1562;25,6381832325000
1224;28,2891423866000
1189;16,8451716491000
1225;16,7671393320000
1196;21,2936503085000
1237;8,0267986151500
1207;25,0367258155000
1197;21,8569556125000
1208;26,9046599817000
1238;11,8161912861000
1209;21,8260436004000
1184;30,2779915913000
1198;25,2030141218000
1239;8,3884594975400
1226;20,7076456172000
1240;2,8824070738500
1190;12,0567732149000
1241;4,6367121387500
1216;10,6428932203000
1191;11,5673796523000
1646;18,3553031677000
1185;26,2970954636000
1227;11,7599388231000
1220;3,3789561953500
1210;22,0047266093000
1186;20,5602135356000
1242;1,0124259788200
1243;13,0073072965000
1192;8,4988404111800
841;27,9510991306000
853;3,7953590121600
880;2,4373662802700
1567;6,1355113568100
913;28,6151953217000
881;12,9008473157000
1536;14,6861774109000
833;25,6040227600000
807;11,0979832816000
882;1,2918227460900
1704;14,6829108930000
823;30,1855844070000
834;21,7274923465000
854;10,8015747274000
808;10,2540485191000
883;3,6070834471600
884;0,5134047298450
896;2,8946232334900
809;16,9849629800000
855;4,1386977736400
1538;0,4983776731770
8;21,2672098874000
810;7,0464425083300
897;7,6140393983300
842;22,4009477539000
843;33,7561172858000
866;32,6556279835000
921;22,8847419943000
885;4,2175272622100
856;18,4180191716000
922;20,5907605740000
1535;19,9055277258000
1566;12,4365435823000
930;21,7258725035000
1673;31,9129084941000
844;31,7215855186000
867;29,9837345662000
835;22,8375223166000
898;7,1881800113400
836;24,1291096773000
857;12,7069340284000
824;29,3746060323000
1534;17,2403162263000
868;19,3102889112000
1573;34,8219931190000
845;30,5124255140000
899;0,7441731078470
837;23,9527493584000
900;6,2540600123800
846;24,0651522142000
914;28,4892211174000
858;14,0896749193000
811;11,8523851066000
859;8,0139392937000
923;24,7309365314000
924;21,3658003573000
860;5,2138465210800
901;10,6260462474000
1705;12,5030760885000
1537;0,0800647493879
915;31,8726654126000
812;1,4851653530000
931;18,9083011704000
869;29,2089372353000
870;15,0817495839000
916;33,7616468588000
828;12,2751776682000
861;11,7168960435000
917;36,8934685290000
886;15,9023980365000
813;15,4944914841000
925;22,1741683782000
902;4,6805472003900
862;1,1454467030800
903;1,6790127162100
932;24,3618904597000
887;3,3726139528300
871;11,7847954749000
814;8,6616589748600
1541;32,3416439343000
933;23,4656617191000
815;5,5826282521600
934;15,3980633561000
838;26,9712205732000
839;27,4971055384000
888;5,4240021040400
918;30,4276129243000
889;4,3992991290200
816;11,1545550372000
1633;18,5772026727000
890;1,9437101328000
825;28,1933965502000
904;6,1741743287200
926;27,1085250119000
919;33,7427154253000
891;7,6083432192500
847;18,4262841178000
848;28,4386993616000
829;9,2973458527200
927;22,6586960680000
830;9,3740910753800
905;3,1288287898900
831;5,4635280500500
863;7,7662718314600
906;0,2201529317570
1634;17,4391294089000
1635;18,6387963531000
872;20,2913483598000
849;35,2375706767000
817;12,9711326046000
832;15,9196346221000
1542;29,4005095303000
873;7,4815037628100
874;22,4831231780000
935;25,7662060601000
892;5,2436918777600
907;0,1403623207030
928;21,0592840452000
850;27,7492394331000
936;13,3907437924000
1539;0,4266315783900
929;24,0977629935000
875;25,5788267363000
937;32,1165941561000
818;4,2972067970400
826;28,6637241241000
908;4,4529335602900
893;9,8814575716000
920;32,7194026444000
851;24,1483644555000
938;8,6406303549100
852;27,3405028318000
909;3,8333939039400
910;7,4218173234600
911;1,2896661305400
876;24,4165903582000
894;0,3160475709140
1674;35,4041263442000
864;6,0958757422700
877;11,5835410196000
878;6,8869668859900
939;12,4812320432000
865;3,2338149972000
840;27,4080714207000
895;1,1559630566600
940;19,3614136760000
819;19,5920268276000
820;17,1284363797000
943;26,1775232159000
827;26,6008443375000
821;10,1051353586000
941;14,8720061934000
822;7,2080605467100
942;29,7990823614000
912;2,6558495632700
879;28,2299277258000
1649;13,6240553250000
1512;16,0168752666000
1507;4,2920244618600
1498;1,4600065322800
1513;5,1704605857600
1499;5,3222085082600
1500;10,9040754232000
1514;9,4070064035200
1508;1,9570955334500
1501;5,0817063994400
1502;0,8298240579960
1503;8,4113671506900
1509;8,3702604128500
1504;11,9362205466000
1510;0,3474183881050
1505;2,8986225928400
1506;15,7058883742000
1511;4,3456786926200
1515;1,1195142295100
775;8,5976762260800
5;33,8803669160000
724;13,8271063652000
752;22,2633987560000
776;11,1117333606000
725;3,6733234295500
761;4,9415246522000
1632;7,9851088831000
738;14,8103498270000
794;0,7509669693980
795;8,5423777422200
6;6,2751868231300
739;23,5500260147000
712;3,7917794290900
726;6,5118014398200
753;15,1305565917000
796;4,4597811124800
762;4,4727080405500
782;9,9897272296000
727;8,4763624042300
713;6,4284144586000
797;2,0556880766700
728;14,1538104478000
763;0,7408380623730
1551;1,3501302682100
1681;4,4653478111100
740;13,9465803823000
741;11,3336247528000
729;0,5005724835190
798;4,7287689268100
764;9,4784930816700
730;10,2080309716000
714;14,8248525761000
783;4,9650035146500
715;11,2109637526000
777;19,7662181599000
1556;0,1634812105110
1533;0,4424868930500
799;3,7820260471500
800;9,9500683603400
778;3,8570262738500
1555;2,6625546094600
801;6,7069212253000
1641;16,3658253025000
716;8,2133709863600
742;17,0470992416000
731;5,7056096753800
784;1,7532462267600
717;11,7118779930000
732;16,0234490090000
785;5,9344815653900
743;20,8638660362000
1549;1,0993873385000
786;4,7042914170600
718;22,5724715745000
765;6,2089682431200
787;2,8714981864400
766;7,1376560509600
744;19,0183974637000
1554;2,8977876070800
719;5,8294645393300
788;1,5632009767600
754;26,9312325634000
802;14,2426367742000
755;14,8985641565000
720;7,3265641447600
756;24,3364610475000
733;12,5899809381000
789;10,9878457302000
721;12,8901434236000
745;19,5137002708000
790;3,4552296671300
757;30,9005630164000
746;19,5603305992000
803;0,6287118456880
747;12,1776272062000
748;26,4031982342000
734;9,9253399791800
791;9,0260248487000
758;18,0048161355000
749;17,6817515673000
722;12,2792177224000
735;12,1518444337000
767;4,3375632473700
779;3,5602317162700
1557;1,9484790100800
768;0,8021326828660
750;20,9058357490000
1540;4,8022268879000
769;4,4706948816500
770;5,7858793942300
751;17,6245917540000
736;11,4326906547000
1558;15,4611371279000
804;0,9462786549290
780;8,0720391322200
759;21,5680003099000
760;18,8121257142000
771;0,6409518564230
781;8,3286354923400
805;2,7982520239000
792;3,2330795755300
793;1,2941651372900
1544;31,5721131045000
1545;29,8525735895000
737;4,3377345457900
772;2,9639161334800
723;8,1506715566800
1684;10,1328203310000
774;9,3666117093700
806;0,5878298361920
1640;15,4462658543000
7;12,8297328394000
773;0,1115636747100
1064;41,4655522141000
1086;40,2175168834000
1087;47,2477977577000
1065;48,9937422133000
1054;36,5623693485000
1078;41,0294319193000
1103;49,0398576527000
1104;51,2623824112000
1066;42,9888099478000
1095;38,5373716839000
1055;33,9555806354000
1096;40,2147195549000
1063;27,6912216916000
1067;48,0535829016000
1105;44,1811435948000
1068;47,6763577197000
1097;41,6596735209000
1098;41,9571911049000
1069;50,1158267300000
1056;34,1656822814000
1079;44,0225085317000
1571;45,5683631524000
1070;39,4695108384000
1071;37,6144708445000
1080;44,0141705188000
1088;38,3902355645000
1099;35,4842315097000
1106;46,9535529932000
1081;37,5721337392000
1100;38,0208819378000
1089;46,6545574583000
1572;44,3044406685000
1072;45,6694817187000
1073;42,7535976849000
1090;37,4799432503000
1074;46,5592360384000
1101;38,5262615143000
1075;48,6419711711000
1057;30,6828257276000
1082;46,2593324195000
1058;33,3527464788000
1059;31,0661947465000
1060;28,2828093327000
1107;48,0906535562000
1061;30,5489463574000
1062;28,2048129642000
1108;43,1226620172000
1083;38,1423614396000
1084;42,7058491768000
1091;39,6656023612000
1076;37,8576795185000
1092;41,8387897189000
1109;47,7541018768000
1093;42,4474424334000
1094;61,3064267000000
1568;49,2852456160000
1570;44,0328245818000
1102;38,5787019676000
1085;43,7513744963000
1569;46,6037518306000
1110;45,2292347319000
1077;44,0565636626000
