id,placeholder_image
1001273,FALSE
100183,FALSE
100411,FALSE
1005230,TRUE
1011110,FALSE
1023422,FALSE
1028015,FALSE
103676,FALSE
1037121,FALSE
1040668,FALSE
1050433,FALSE
1063514,TRUE
1065550,FALSE
1065697,FALSE
1066122,TRUE
1067061,TRUE
1067684,TRUE
1068677,TRUE
1069693,TRUE
1073169,TRUE
1074440,TRUE
1074847,TRUE
1077964,FALSE
1078325,FALSE
1079286,TRUE
1098003,TRUE
1098039,TRUE
1104711,FALSE
1105882,FALSE
1106951,FALSE
1107860,FALSE
1110179,FALSE
1110450,TRUE
1111256,TRUE
1112395,TRUE
111468,TRUE
1115746,FALSE
1116528,FALSE
1117673,FALSE
111957,FALSE
1122708,FALSE
112495,FALSE
112590,FALSE
1134940,FALSE
1135714,FALSE
1138388,FALSE
1138956,FALSE
1142600,FALSE
1143170,FALSE
1143910,FALSE
114519,FALSE
1145921,FALSE
1149876,FALSE
1150529,FALSE
11532,TRUE
1155522,TRUE
1155890,TRUE
1157838,FALSE
1158042,FALSE
1158446,FALSE
1159418,FALSE
1161985,FALSE
1163562,FALSE
1165251,TRUE
1170785,FALSE
1170821,FALSE
1171859,FALSE
1172043,FALSE
1172938,FALSE
1173552,FALSE
1177036,TRUE
1179210,FALSE
1188761,TRUE
1188916,FALSE
1190324,FALSE
1191431,TRUE
1192938,FALSE
1193525,FALSE
119467,FALSE
1196541,TRUE
1197070,FALSE
1198261,TRUE
119958,TRUE
119977,FALSE
1201009,FALSE
1201985,FALSE
1203209,FALSE
1203221,FALSE
1208677,FALSE
1209956,TRUE
1210912,FALSE
1212113,FALSE
12134,FALSE
1221798,FALSE
1224803,TRUE
123232,FALSE
1233547,FALSE
1234161,FALSE
1235322,TRUE
123574,FALSE
1236064,FALSE
1241043,FALSE
1242236,TRUE
1243139,FALSE
1246452,FALSE
1248717,TRUE
1250650,TRUE
1252944,TRUE
125723,TRUE
1257811,TRUE
1258961,FALSE
1260342,TRUE
126347,FALSE
1263565,FALSE
126516,TRUE
1266676,FALSE
1268248,TRUE
1269007,FALSE
1272557,FALSE
1273992,TRUE
12753,FALSE
1276586,FALSE
127699,FALSE
1287133,TRUE
1287139,TRUE
1288690,TRUE
1298101,FALSE
1298169,FALSE
1299549,FALSE
1301241,TRUE
1303163,TRUE
1310181,FALSE
1312911,TRUE
1313076,TRUE
1315345,TRUE
1317686,FALSE
132156,TRUE
1330995,TRUE
1332201,TRUE
13355,FALSE
1335792,TRUE
1345865,TRUE
1350106,TRUE
1350159,TRUE
1350596,TRUE
1350989,TRUE
1353811,FALSE
1354651,TRUE
1355603,FALSE
1356360,FALSE
1356377,FALSE
1358172,FALSE
1359311,FALSE
1365502,FALSE
1365811,FALSE
1365990,TRUE
1368751,FALSE
1369975,FALSE
1370400,FALSE
1371350,FALSE
137186,FALSE
1373327,FALSE
1374575,FALSE
1381071,FALSE
1383246,FALSE
1384793,FALSE
1385958,FALSE
1394558,TRUE
139659,FALSE
1400609,TRUE
1401471,TRUE
1406184,TRUE
1408908,TRUE
1409877,TRUE
1410504,TRUE
1414466,TRUE
1414656,TRUE
1415694,TRUE
1417427,TRUE
1417522,TRUE
1418046,TRUE
1418737,TRUE
1419211,TRUE
1420405,TRUE
1421232,TRUE
1424644,TRUE
1426987,TRUE
1427163,TRUE
1428670,TRUE
1430855,TRUE
1432515,TRUE
1433565,TRUE
1435011,TRUE
1440303,TRUE
1440683,TRUE
1443097,TRUE
1443832,TRUE
1445449,TRUE
1449408,TRUE
1449888,TRUE
1469429,TRUE
1471670,TRUE
1476298,TRUE
1476441,TRUE
1477084,TRUE
1478232,TRUE
1478598,TRUE
1478720,TRUE
1483036,TRUE
1486300,TRUE
1487465,FALSE
1488367,TRUE
14923,TRUE
1493466,FALSE
1494773,TRUE
1495438,TRUE
1495783,FALSE
1497191,FALSE
1500210,TRUE
1504351,FALSE
1508224,FALSE
1509415,FALSE
1510058,FALSE
1512099,TRUE
1512210,FALSE
1512418,TRUE
1515438,FALSE
1515556,FALSE
1521319,TRUE
1522933,TRUE
1529914,FALSE
1530671,TRUE
1532747,TRUE
153446,FALSE
1537166,FALSE
1537424,FALSE
1537573,FALSE
1537823,FALSE
1538759,FALSE
1541141,FALSE
1541707,FALSE
1542359,TRUE
1543847,FALSE
1548116,TRUE
1549438,FALSE
1549597,TRUE
1551087,FALSE
1551546,FALSE
1552121,TRUE
1554502,FALSE
1554572,FALSE
1555470,TRUE
1555705,TRUE
1557958,TRUE
1559128,TRUE
1560097,FALSE
1560221,FALSE
1563407,FALSE
1564604,FALSE
1565008,TRUE
1565603,TRUE
1568903,TRUE
1569538,FALSE
1569869,FALSE
1570981,TRUE
1578563,FALSE
1578956,FALSE
1580541,FALSE
1586437,TRUE
1588386,TRUE
1590940,TRUE
1592522,TRUE
1593673,TRUE
159767,FALSE
1597835,FALSE
159960,FALSE
1605363,TRUE
1607456,TRUE
1607699,FALSE
1607733,TRUE
1608384,TRUE
1609192,TRUE
1610298,TRUE
1614131,FALSE
1614402,FALSE
1614725,FALSE
1622433,FALSE
1629287,TRUE
1635089,TRUE
1635423,TRUE
1640802,TRUE
164201,FALSE
1645101,TRUE
1645948,TRUE
1645957,TRUE
1647033,TRUE
1650906,TRUE
1653062,TRUE
1654150,TRUE
1654181,TRUE
1658081,TRUE
1659922,TRUE
167449,FALSE
167764,FALSE
168992,FALSE
173114,FALSE
174639,FALSE
17536,TRUE
176842,FALSE
177588,FALSE
178152,FALSE
19044,TRUE
19823,TRUE
19866,TRUE
200639,FALSE
202,TRUE
205831,FALSE
208,TRUE
210,TRUE
211,TRUE
212,TRUE
212443,FALSE
213,TRUE
214,TRUE
2147900,TRUE
2148337,TRUE
215,TRUE
2155058,FALSE
216,TRUE
2161117,FALSE
2163390,FALSE
2168032,FALSE
217,TRUE
2170017,TRUE
2171081,TRUE
2173014,FALSE
218,TRUE
2182769,FALSE
2183848,FALSE
2188141,FALSE
219,TRUE
2191710,FALSE
2192707,FALSE
2193705,FALSE
2194110,TRUE
2197104,FALSE
220,TRUE
2200069,FALSE
220018,FALSE
2201822,FALSE
2206041,FALSE
2207821,FALSE
2209020,TRUE
221,TRUE
2210274,FALSE
2213254,FALSE
2214664,FALSE
2216393,TRUE
2217766,TRUE
2217873,TRUE
222,TRUE
2222598,FALSE
2222692,FALSE
2223271,TRUE
2225270,FALSE
2226218,TRUE
2226408,FALSE
222683,FALSE
223,TRUE
2231109,TRUE
2236900,TRUE
2238298,TRUE
224,TRUE
2243819,FALSE
2245796,FALSE
2247836,FALSE
225,TRUE
2256645,FALSE
2257354,FALSE
2262508,FALSE
2263011,FALSE
2264011,TRUE
227,TRUE
2276093,FALSE
2278534,TRUE
2278795,FALSE
2278872,FALSE
2279254,FALSE
2283261,FALSE
2284233,TRUE
2284349,FALSE
2285540,FALSE
2286017,FALSE
230,TRUE
2305262,FALSE
2306367,FALSE
2309864,TRUE
2311839,TRUE
2312457,TRUE
2315447,TRUE
2315756,TRUE
2317072,FALSE
2319541,FALSE
232,TRUE
233,TRUE
2332620,FALSE
2337027,TRUE
2338705,TRUE
234,TRUE
2341021,TRUE
2341640,TRUE
2349156,FALSE
235,TRUE
236,TRUE
237,TRUE
2376344,TRUE
2379522,FALSE
238,TRUE
2384234,TRUE
239,TRUE
2390300,TRUE
2390587,FALSE
2393168,TRUE
2396604,FALSE
2397357,FALSE
240,TRUE
2401621,FALSE
2401959,TRUE
2402731,FALSE
2404166,TRUE
2405827,TRUE
2409302,FALSE
2409499,FALSE
241,TRUE
2411635,FALSE
2412740,FALSE
2413811,FALSE
24154,TRUE
2415992,TRUE
2418023,FALSE
2418480,FALSE
2419036,FALSE
242,TRUE
2421060,FALSE
2422719,FALSE
2423645,FALSE
2426506,FALSE
2426681,FALSE
2426694,FALSE
2429235,FALSE
243,TRUE
2430085,FALSE
2432514,FALSE
2437261,FALSE
244,TRUE
2440872,FALSE
2441658,FALSE
2441668,FALSE
2442489,FALSE
2444835,FALSE
2447145,FALSE
245,TRUE
2451072,FALSE
2451229,FALSE
2451768,FALSE
2452108,FALSE
2454288,FALSE
2455015,TRUE
2457696,FALSE
2457775,TRUE
246,TRUE
2460689,FALSE
2461802,FALSE
2463922,FALSE
2467476,FALSE
247,TRUE
2470580,FALSE
2472107,FALSE
2474780,FALSE
248,TRUE
2484228,FALSE
2486836,FALSE
2488815,TRUE
249,TRUE
2497301,TRUE
250,TRUE
2502089,TRUE
2502121,TRUE
2504938,FALSE
251,TRUE
2511124,FALSE
2514088,TRUE
2514886,TRUE
2516294,FALSE
2518738,FALSE
252,TRUE
2524549,FALSE
2525838,FALSE
2527368,FALSE
253,TRUE
253503,FALSE
2538350,TRUE
2543457,FALSE
254786,FALSE
255,TRUE
2552792,FALSE
2554566,FALSE
2556653,TRUE
256,TRUE
2560417,FALSE
2563693,FALSE
2565506,FALSE
257,TRUE
257088,TRUE
2571439,TRUE
2573855,FALSE
2575887,TRUE
258,TRUE
2580086,FALSE
2580367,FALSE
2583203,FALSE
259,TRUE
2590257,TRUE
2593568,FALSE
2594004,TRUE
2596068,TRUE
2598656,FALSE
2599194,TRUE
2599644,FALSE
2599810,TRUE
260,TRUE
2603505,TRUE
2603857,TRUE
2607198,FALSE
2607435,FALSE
2607752,FALSE
2607942,TRUE
2608813,FALSE
2609355,FALSE
2610057,FALSE
2610534,TRUE
2610792,FALSE
2610997,FALSE
2611109,FALSE
2612219,FALSE
2613105,TRUE
2613220,TRUE
2615588,FALSE
261742,TRUE
2617485,FALSE
2617525,TRUE
262,TRUE
262171,FALSE
2623555,FALSE
262461,FALSE
2628209,FALSE
263,TRUE
2630094,FALSE
263306,FALSE
2633435,FALSE
2637417,FALSE
264043,FALSE
2641213,FALSE
2641619,FALSE
2644105,FALSE
2644586,FALSE
2645706,FALSE
2646521,FALSE
2648935,TRUE
2654803,FALSE
265760,FALSE
266,TRUE
2660932,FALSE
2665089,TRUE
2666285,TRUE
2666790,TRUE
2669580,FALSE
2672342,FALSE
2673826,TRUE
2674199,FALSE
26753,FALSE
2676687,FALSE
2677419,FALSE
2679565,FALSE
268,FALSE
2682621,FALSE
2682871,TRUE
2686500,TRUE
2687568,FALSE
2688809,FALSE
2688989,FALSE
2689819,FALSE
269,FALSE
2692039,FALSE
2692595,FALSE
2693896,FALSE
2694324,FALSE
2694976,FALSE
2695024,FALSE
2697510,FALSE
2698492,FALSE
2698538,FALSE
270,FALSE
2701415,FALSE
2701959,TRUE
2703392,FALSE
2705393,FALSE
2706317,FALSE
2709394,TRUE
2709461,TRUE
271,TRUE
2712204,FALSE
2712968,TRUE
2714237,TRUE
2715050,FALSE
272,FALSE
2729242,FALSE
273,FALSE
2732665,TRUE
2732730,TRUE
2734126,TRUE
2738126,FALSE
273874,FALSE
2738802,FALSE
2738841,FALSE
2738900,FALSE
274,TRUE
2746127,TRUE
2746270,FALSE
2747761,FALSE
275,FALSE
275366,FALSE
2754410,TRUE
2754603,TRUE
2758891,FALSE
2759370,TRUE
2759643,TRUE
276,FALSE
2764224,TRUE
2765870,TRUE
277,FALSE
2771114,FALSE
27721,FALSE
277277,TRUE
2772936,FALSE
2774179,FALSE
2774493,FALSE
278,TRUE
2781395,FALSE
2781901,TRUE
2782383,FALSE
279,FALSE
280,FALSE
2805078,FALSE
281,FALSE
281431,TRUE
2819446,TRUE
282,FALSE
2822880,FALSE
2823343,FALSE
2824901,FALSE
2825868,FALSE
2825891,FALSE
2826309,FALSE
2827020,FALSE
2829199,FALSE
2829796,FALSE
283,TRUE
2831581,FALSE
2832128,FALSE
2832923,FALSE
2837013,FALSE
2837539,FALSE
2838291,FALSE
283913,FALSE
284,TRUE
2841647,FALSE
2843222,FALSE
2844968,FALSE
2845667,FALSE
2846259,FALSE
2846560,FALSE
2849592,FALSE
2849825,FALSE
285,TRUE
28501,FALSE
285405,FALSE
2854701,TRUE
2854978,TRUE
2856030,TRUE
2857809,TRUE
2859020,TRUE
2859868,TRUE
286,FALSE
2860292,TRUE
2863739,TRUE
2864897,TRUE
2867931,TRUE
287,TRUE
2871265,TRUE
2873449,TRUE
287584,FALSE
2877296,TRUE
2878037,TRUE
2878170,TRUE
2879015,TRUE
288,TRUE
2881782,TRUE
2882209,TRUE
2883204,TRUE
2887424,TRUE
289,TRUE
289263,TRUE
2897454,TRUE
2897955,TRUE
290,TRUE
2900089,TRUE
2904223,TRUE
2905860,FALSE
2908004,FALSE
290964,FALSE
291,FALSE
2910160,TRUE
2911304,TRUE
2913707,TRUE
2915293,FALSE
2916890,FALSE
2919678,TRUE
2919935,TRUE
292,TRUE
2920466,FALSE
29206,FALSE
2924079,FALSE
2924243,FALSE
2924254,FALSE
2924880,FALSE
2926121,FALSE
2927369,TRUE
293,FALSE
2932136,FALSE
2933944,FALSE
2936954,FALSE
2938729,FALSE
294,TRUE
2941086,FALSE
2941935,FALSE
2942010,FALSE
2943772,FALSE
295,TRUE
2952127,TRUE
2953028,TRUE
2953979,FALSE
2954339,TRUE
2954932,FALSE
2957297,FALSE
2959622,FALSE
296,FALSE
296336,TRUE
2963679,TRUE
2965781,TRUE
2965921,FALSE
2969072,TRUE
297,TRUE
2972313,TRUE
2973559,FALSE
2973965,FALSE
2978264,TRUE
2979657,FALSE
298,FALSE
2980963,FALSE
2983005,FALSE
2983993,FALSE
2984398,FALSE
2988289,FALSE
2988320,FALSE
299,TRUE
2990313,FALSE
2991646,FALSE
2992044,FALSE
2992348,TRUE
300,TRUE
3012737,FALSE
301329,FALSE
3014280,FALSE
3016237,FALSE
3018002,FALSE
3018115,FALSE
3019465,FALSE
3021065,FALSE
302334,FALSE
3023827,FALSE
3023907,FALSE
3029751,FALSE
3030955,FALSE
3035749,FALSE
3042201,TRUE
3043411,FALSE
3053937,TRUE
3055433,TRUE
3055832,FALSE
3060324,FALSE
3061912,TRUE
3067698,FALSE
3072116,FALSE
3074194,FALSE
3076833,FALSE
3077738,TRUE
3081360,TRUE
3090818,FALSE
3091318,FALSE
3091536,FALSE
3093960,FALSE
3096249,TRUE
3098206,TRUE
3098527,TRUE
3100737,FALSE
3100841,TRUE
3103517,TRUE
3103864,FALSE
3104163,FALSE
310656,FALSE
3107455,TRUE
310750,FALSE
3111738,FALSE
3111926,FALSE
3112665,FALSE
3115676,FALSE
3120204,FALSE
3124166,TRUE
3127261,FALSE
3127963,FALSE
3131079,FALSE
3133422,FALSE
3139242,TRUE
3140600,TRUE
3142694,TRUE
3143832,FALSE
3145054,TRUE
3145953,FALSE
3146233,FALSE
3151790,FALSE
3155821,TRUE
3156964,FALSE
3157501,TRUE
31597,FALSE
3161194,TRUE
316454,FALSE
316474,FALSE
3165333,TRUE
3167312,TRUE
3169182,TRUE
3169221,TRUE
3172003,TRUE
31732,FALSE
3175623,TRUE
317777,TRUE
3179733,TRUE
3180125,TRUE
3181137,TRUE
3181950,TRUE
3183599,TRUE
3185901,TRUE
3186655,TRUE
3187413,TRUE
3188080,TRUE
319032,FALSE
3191150,TRUE
3192938,TRUE
3194011,TRUE
3196278,TRUE
3199223,TRUE
3200272,TRUE
3200925,TRUE
3202118,TRUE
3204321,TRUE
3207683,TRUE
3208411,TRUE
3209169,TRUE
3209399,TRUE
3211020,TRUE
3211479,TRUE
3214237,TRUE
321590,FALSE
3219400,TRUE
3219796,TRUE
3219951,TRUE
3220364,TRUE
3220437,TRUE
3220440,TRUE
3221403,TRUE
3222184,TRUE
3225538,TRUE
3226103,TRUE
3226956,TRUE
3227506,TRUE
3227851,TRUE
3230374,TRUE
3230495,TRUE
3231562,TRUE
3231977,FALSE
3232160,FALSE
3233362,FALSE
3237802,FALSE
3238051,FALSE
323976,TRUE
3240835,FALSE
3241057,FALSE
3241079,FALSE
3241213,TRUE
3241885,FALSE
3246280,FALSE
3253253,TRUE
325376,FALSE
3254236,FALSE
3255635,FALSE
3258654,FALSE
3258747,TRUE
3261073,FALSE
3261559,FALSE
3265263,FALSE
3265861,FALSE
3266348,FALSE
3266466,FALSE
3267391,FALSE
32685,FALSE
3269560,TRUE
3270282,FALSE
327148,TRUE
3272060,FALSE
3273308,FALSE
3273502,FALSE
3275569,FALSE
3278330,FALSE
3278801,FALSE
3278835,FALSE
3281604,FALSE
3282934,TRUE
3286869,TRUE
3286972,FALSE
329807,TRUE
3299055,TRUE
3299480,FALSE
3304686,FALSE
3306008,FALSE
3307088,FALSE
3307287,FALSE
3308097,FALSE
3311809,FALSE
3312514,FALSE
3314872,TRUE
3315158,FALSE
3315340,FALSE
3317536,FALSE
3318436,TRUE
3320660,FALSE
3320776,FALSE
3321670,FALSE
332756,FALSE
3329428,TRUE
3332156,TRUE
3333730,FALSE
3337771,FALSE
3337926,FALSE
3338933,FALSE
333994,FALSE
3340156,FALSE
3347789,FALSE
3348273,FALSE
3349132,FALSE
3349513,FALSE
3349571,FALSE
3350394,FALSE
3353045,FALSE
3357257,FALSE
3366349,TRUE
3366837,TRUE
3369280,TRUE
3373068,FALSE
3373882,FALSE
338584,TRUE
338870,FALSE
3391255,FALSE
3396087,TRUE
3396260,TRUE
3396419,FALSE
3399763,FALSE
3407470,TRUE
3411177,TRUE
3411397,FALSE
3411551,TRUE
3417003,FALSE
3418596,TRUE
3419498,FALSE
3422567,TRUE
342982,FALSE
3437653,TRUE
3442166,TRUE
3442642,TRUE
3443995,TRUE
3454567,TRUE
346061,FALSE
3463574,FALSE
3463842,FALSE
3464159,FALSE
3467511,FALSE
3469731,FALSE
3474581,FALSE
3475820,FALSE
3479013,FALSE
3479299,FALSE
3480635,TRUE
3486115,TRUE
348683,FALSE
3487686,FALSE
3488962,TRUE
3495123,TRUE
349538,TRUE
3497238,FALSE
3499617,TRUE
3504667,FALSE
3511119,TRUE
351470,TRUE
3516458,FALSE
3517382,FALSE
3517689,FALSE
3518917,FALSE
3519319,TRUE
3520294,FALSE
3521568,FALSE
3526260,FALSE
3532515,FALSE
3535349,FALSE
3543491,TRUE
3548565,TRUE
354903,TRUE
3549462,TRUE
3549608,TRUE
3559381,FALSE
3559390,FALSE
3561079,FALSE
3561718,FALSE
3565622,FALSE
3569282,FALSE
3572033,FALSE
3572621,FALSE
357306,FALSE
3576244,TRUE
3578586,FALSE
3579229,TRUE
357924,FALSE
3579479,FALSE
3585327,TRUE
3588741,FALSE
3591460,FALSE
3591602,FALSE
3594111,FALSE
3600205,FALSE
3604686,FALSE
3604984,FALSE
3605540,FALSE
3605569,FALSE
3606444,FALSE
3609969,TRUE
3612219,TRUE
3612244,TRUE
3613037,FALSE
361961,TRUE
3620344,FALSE
362069,FALSE
3629431,FALSE
3630880,FALSE
3631889,FALSE
363199,FALSE
3636955,TRUE
364236,FALSE
3645084,FALSE
3647571,TRUE
3647929,FALSE
3649405,FALSE
3649878,FALSE
3653321,TRUE
3654460,TRUE
365637,TRUE
3663034,TRUE
3665201,TRUE
3667092,FALSE
3667546,TRUE
3673050,TRUE
367332,TRUE
3673375,FALSE
3675713,FALSE
3678159,FALSE
3680110,FALSE
3680947,FALSE
3681793,FALSE
3682425,FALSE
3683070,TRUE
3685092,TRUE
3685441,FALSE
368555,FALSE
3687344,FALSE
369089,FALSE
3699137,FALSE
3701078,FALSE
3706397,FALSE
3714006,FALSE
3717483,FALSE
3724728,TRUE
3726127,TRUE
3729768,TRUE
3737781,FALSE
3737978,FALSE
3738656,FALSE
3738817,FALSE
3740435,FALSE
3741986,FALSE
3743019,TRUE
3745841,TRUE
3750842,FALSE
3762262,FALSE
3762601,TRUE
3763525,FALSE
3763790,FALSE
3766977,FALSE
3770905,FALSE
3771336,TRUE
3772614,FALSE
3774882,FALSE
3776120,FALSE
3783316,TRUE
3783461,TRUE
3783967,FALSE
3787793,FALSE
3787840,FALSE
3788448,FALSE
3789010,FALSE
3790724,FALSE
3791742,FALSE
3791954,FALSE
3793913,FALSE
3796101,FALSE
3799236,FALSE
380039,FALSE
3801287,TRUE
380237,FALSE
3803233,FALSE
3803419,FALSE
3803561,FALSE
3803873,TRUE
380412,FALSE
3806645,FALSE
3808895,TRUE
381422,FALSE
3817443,FALSE
3817780,FALSE
38205,FALSE
382243,FALSE
382253,TRUE
3826135,TRUE
3828292,TRUE
382932,TRUE
3830123,FALSE
3830796,TRUE
3831289,TRUE
3831475,FALSE
3834382,TRUE
3835682,FALSE
3835900,FALSE
3837664,TRUE
3838675,FALSE
384343,TRUE
3844443,FALSE
3845225,FALSE
3845955,TRUE
3848089,FALSE
3848266,FALSE
3852467,TRUE
3858517,FALSE
3859314,FALSE
3869890,FALSE
3871213,FALSE
3873047,FALSE
3873441,FALSE
3875560,FALSE
3878886,TRUE
3880462,FALSE
3881618,FALSE
3881953,TRUE
3890857,FALSE
3890922,TRUE
3891916,FALSE
389205,FALSE
3892781,TRUE
3894691,FALSE
3895297,TRUE
3897059,TRUE
389984,TRUE
3901387,TRUE
3902586,TRUE
3902758,FALSE
3904333,FALSE
3904713,FALSE
3908862,FALSE
391447,FALSE
3915917,FALSE
391874,FALSE
3919071,FALSE
3922388,FALSE
3922986,TRUE
3924817,TRUE
3925321,TRUE
3925513,TRUE
3932405,FALSE
3932832,TRUE
3936487,FALSE
3939437,TRUE
394117,FALSE
3943654,FALSE
3944942,TRUE
3947150,FALSE
3947314,FALSE
3955605,FALSE
3958193,FALSE
3958933,TRUE
3960789,TRUE
3964824,FALSE
3967432,FALSE
396754,FALSE
3967577,TRUE
3968769,TRUE
3968847,TRUE
3968986,TRUE
3970917,TRUE
3973358,TRUE
3981038,TRUE
3982386,TRUE
3983108,TRUE
3988393,FALSE
3992866,FALSE
3997005,FALSE
3997590,TRUE
400107,FALSE
4002728,FALSE
4003083,TRUE
4003493,FALSE
4004051,TRUE
400424,FALSE
4004939,TRUE
4006211,FALSE
4016368,FALSE
4018385,TRUE
4019067,FALSE
4019177,TRUE
4023631,FALSE
4024098,TRUE
4025181,FALSE
4026803,TRUE
4027194,FALSE
4033231,FALSE
4034316,FALSE
4043447,FALSE
4044372,FALSE
4047334,TRUE
405370,FALSE
4055614,FALSE
4065137,TRUE
4067616,FALSE
4068090,FALSE
4069302,FALSE
4071448,FALSE
4073299,FALSE
4074696,FALSE
4077437,TRUE
4077504,FALSE
4079690,FALSE
4081391,FALSE
4083377,FALSE
4084401,FALSE
4087294,FALSE
4087859,FALSE
4092702,FALSE
4094526,FALSE
4099164,TRUE
4099980,FALSE
4102493,FALSE
4102687,FALSE
4103737,TRUE
4104309,TRUE
4105345,FALSE
4107525,FALSE
4109392,FALSE
411009,FALSE
4110506,TRUE
4114838,TRUE
4115587,FALSE
4115790,TRUE
4116043,TRUE
4116167,FALSE
4118362,TRUE
4120228,TRUE
4120530,FALSE
4122414,FALSE
4126191,TRUE
41262,TRUE
4135868,TRUE
4136034,FALSE
4136773,TRUE
4138720,FALSE
4141266,FALSE
414144,TRUE
4142314,TRUE
4142726,FALSE
4143511,FALSE
414391,TRUE
4147537,FALSE
4149196,FALSE
4152596,FALSE
4152628,TRUE
4154069,TRUE
4158523,TRUE
4159464,FALSE
4162666,TRUE
4171158,FALSE
4172754,FALSE
4175252,FALSE
4179855,FALSE
4180178,FALSE
4186600,TRUE
4188779,FALSE
4189327,TRUE
4197907,FALSE
4199629,FALSE
4200411,FALSE
4200503,FALSE
4203257,FALSE
4204295,FALSE
4206479,FALSE
4206531,FALSE
4207635,FALSE
4211891,TRUE
4213008,FALSE
4214188,FALSE
4214579,FALSE
4215633,FALSE
4218915,FALSE
4221435,TRUE
4221563,FALSE
4225988,FALSE
4228980,TRUE
4230777,FALSE
4231673,TRUE
4231937,TRUE
4232303,TRUE
4234529,TRUE
4235040,FALSE
4236644,TRUE
4239839,TRUE
4241038,TRUE
4244845,FALSE
4245028,TRUE
4245816,FALSE
424863,FALSE
4250423,FALSE
4250690,FALSE
4254725,FALSE
4254918,FALSE
4255239,TRUE
4255753,FALSE
4256051,FALSE
4256488,FALSE
4257006,FALSE
4258055,TRUE
4258984,TRUE
4259377,TRUE
4260430,FALSE
4264885,TRUE
4267691,FALSE
4270203,FALSE
4271519,TRUE
4271692,FALSE
4271903,TRUE
4272817,FALSE
4273655,FALSE
4279029,TRUE
4284271,FALSE
4285764,TRUE
4286695,FALSE
4287113,TRUE
4287701,FALSE
4289776,FALSE
4292145,FALSE
4293263,TRUE
4296210,FALSE
4300716,FALSE
4302964,TRUE
4303487,FALSE
431469,TRUE
4315064,TRUE
4315278,TRUE
4315403,FALSE
4315839,FALSE
4322386,TRUE
4325598,TRUE
4326056,TRUE
4327,TRUE
4328659,TRUE
4329583,TRUE
4329901,TRUE
4331901,TRUE
4332546,TRUE
4334221,TRUE
4334355,TRUE
433446,TRUE
4337437,TRUE
4338911,TRUE
4342311,TRUE
4343012,TRUE
4345743,TRUE
4346351,TRUE
4346714,TRUE
4346821,TRUE
4347123,TRUE
4348531,TRUE
4351698,TRUE
4361949,TRUE
4362839,FALSE
4366354,TRUE
4370960,FALSE
4373106,FALSE
4373314,TRUE
4376047,TRUE
4376706,FALSE
4380426,TRUE
4380528,FALSE
4381680,FALSE
4382388,TRUE
4387568,FALSE
4388560,FALSE
4390742,TRUE
4392406,FALSE
4394249,FALSE
4395049,TRUE
4397169,TRUE
4398186,TRUE
4399222,FALSE
439955,FALSE
4399656,TRUE
4400293,TRUE
4403566,FALSE
4405601,FALSE
4406927,TRUE
4408135,TRUE
4409841,FALSE
4411116,TRUE
4416745,FALSE
441786,FALSE
4424052,FALSE
4427138,FALSE
4428848,FALSE
4429391,TRUE
44355,FALSE
4436827,TRUE
4438206,FALSE
443860,FALSE
4441037,TRUE
4441685,FALSE
4445496,FALSE
4446206,FALSE
4447191,FALSE
445396,TRUE
4455726,FALSE
4459038,TRUE
4464591,FALSE
4465199,TRUE
4467174,FALSE
4472468,FALSE
4475804,FALSE
4478100,FALSE
4478561,TRUE
4478629,FALSE
448372,TRUE
4485424,TRUE
4485717,FALSE
4488204,TRUE
4494192,FALSE
4494999,FALSE
4497291,TRUE
4499553,FALSE
4501336,FALSE
4502703,TRUE
4503251,FALSE
4503506,TRUE
4505998,FALSE
450822,TRUE
4510778,FALSE
4510807,FALSE
451400,FALSE
4514951,FALSE
4515599,TRUE
4517151,TRUE
4517715,FALSE
4517760,FALSE
4519529,TRUE
45205,FALSE
4521288,TRUE
4521299,FALSE
4522389,TRUE
4523586,FALSE
4523622,FALSE
4528075,TRUE
452975,FALSE
4530557,FALSE
4535632,FALSE
4536322,TRUE
4540652,TRUE
4540812,FALSE
4541696,TRUE
4541999,TRUE
4543766,TRUE
4545184,FALSE
4546817,FALSE
4548603,FALSE
4549126,TRUE
455076,TRUE
4554113,FALSE
4554294,FALSE
4556120,TRUE
4557628,FALSE
4558461,FALSE
4559278,TRUE
4560733,FALSE
4564958,FALSE
4572617,FALSE
4577781,FALSE
4577787,TRUE
4582687,FALSE
4584471,FALSE
4587592,TRUE
4592294,TRUE
4593706,TRUE
4596338,FALSE
4597728,FALSE
4598041,FALSE
4600718,FALSE
4601768,TRUE
4607817,TRUE
4608002,FALSE
4608492,TRUE
4613162,FALSE
4615864,TRUE
4616851,TRUE
4623049,FALSE
4624814,FALSE
4625559,TRUE
4625713,FALSE
4627026,FALSE
4627803,FALSE
4628313,FALSE
4629581,TRUE
4630484,FALSE
4635878,FALSE
4637696,TRUE
4646089,FALSE
4649236,FALSE
4650218,FALSE
4650399,FALSE
4654686,FALSE
4655223,FALSE
4656162,TRUE
4659299,TRUE
4660564,FALSE
4661650,FALSE
4662382,TRUE
4662508,TRUE
4666363,TRUE
4667405,TRUE
4667766,TRUE
4667844,FALSE
4669799,FALSE
4671689,FALSE
4675719,FALSE
4677301,FALSE
4682989,FALSE
4684046,FALSE
4684602,FALSE
4688712,TRUE
4689383,FALSE
4690292,FALSE
4693694,FALSE
4693974,FALSE
4694502,FALSE
4699548,TRUE
4700154,FALSE
4704180,FALSE
4712697,FALSE
4714652,FALSE
4721526,TRUE
472159,FALSE
4728946,FALSE
4729859,FALSE
4731374,TRUE
4733774,TRUE
473493,TRUE
4741804,TRUE
4746994,FALSE
4747908,FALSE
4753844,TRUE
4754443,FALSE
4756026,FALSE
4758513,TRUE
4764245,TRUE
4766258,FALSE
4769673,TRUE
4771428,FALSE
4771519,FALSE
4773519,FALSE
4775555,FALSE
4778120,TRUE
4779253,FALSE
4780724,FALSE
4785424,FALSE
4786526,TRUE
4788571,FALSE
4790668,FALSE
4791000,FALSE
4798806,FALSE
4802975,TRUE
480650,FALSE
4807248,TRUE
4807794,FALSE
4809160,TRUE
4810244,FALSE
4810525,TRUE
4811409,FALSE
4813912,TRUE
4819779,FALSE
4822264,FALSE
4822606,FALSE
4827449,TRUE
4835201,FALSE
4836224,FALSE
4837151,FALSE
4837413,FALSE
4838481,TRUE
4838630,TRUE
4839654,FALSE
4843690,TRUE
4843834,FALSE
4845672,TRUE
4845752,FALSE
4846270,TRUE
4846656,TRUE
4849780,FALSE
4852621,FALSE
4852694,TRUE
4852727,TRUE
4855931,FALSE
4858510,FALSE
4858765,FALSE
4858892,FALSE
4860687,TRUE
4860707,FALSE
486198,TRUE
4863608,FALSE
4864544,TRUE
4865880,FALSE
4866663,FALSE
4875800,FALSE
4875978,FALSE
4876186,FALSE
4881376,FALSE
4888053,FALSE
4893177,TRUE
4898741,FALSE
4900685,FALSE
490082,TRUE
4903472,FALSE
4903793,FALSE
4903807,TRUE
4904116,TRUE
4904891,TRUE
490513,TRUE
4905709,TRUE
4911797,FALSE
4911996,FALSE
4912529,FALSE
4913795,FALSE
4915585,TRUE
4916199,FALSE
4917646,TRUE
4917994,FALSE
4918712,FALSE
4926843,FALSE
4928353,TRUE
4929268,TRUE
4930091,FALSE
4930688,TRUE
4931308,FALSE
4933872,TRUE
4937231,TRUE
4937861,TRUE
4938944,FALSE
4946794,TRUE
4947139,FALSE
4948459,TRUE
4949287,TRUE
4954277,FALSE
4957828,FALSE
4958014,TRUE
4961535,TRUE
4963460,FALSE
4966458,FALSE
4973703,FALSE
4974297,TRUE
4975382,FALSE
4984190,FALSE
4985344,TRUE
4988064,FALSE
4988823,FALSE
4995696,TRUE
499901,TRUE
50003,FALSE
5002056,FALSE
5003718,TRUE
5004189,TRUE
500480,FALSE
5014805,TRUE
5017796,TRUE
5021526,FALSE
5024251,TRUE
502436,FALSE
5029209,FALSE
5029937,FALSE
5030649,TRUE
5035939,FALSE
5036481,FALSE
5039774,TRUE
504133,FALSE
504236,TRUE
5044493,TRUE
5051636,FALSE
507332,TRUE
507886,TRUE
508458,FALSE
509076,TRUE
5100491,FALSE
5100905,FALSE
5101285,FALSE
5102643,TRUE
5103481,TRUE
5104300,TRUE
5104469,TRUE
5105231,TRUE
5110971,TRUE
5112836,TRUE
511325,TRUE
5113850,TRUE
5114310,TRUE
5116631,FALSE
5119164,FALSE
5124054,FALSE
5125413,FALSE
5131068,FALSE
5133990,FALSE
5137615,FALSE
5137864,TRUE
5140054,FALSE
5140176,FALSE
514159,TRUE
5143016,FALSE
5143371,FALSE
5144814,FALSE
5145261,FALSE
5145268,FALSE
5146248,FALSE
5146924,FALSE
5146958,FALSE
5147006,FALSE
5149190,FALSE
5149740,FALSE
5151755,FALSE
515441,FALSE
5156004,TRUE
5156257,FALSE
515955,FALSE
5164412,FALSE
5168243,FALSE
5168957,FALSE
5169529,FALSE
5169777,FALSE
5170202,FALSE
517053,TRUE
5170999,TRUE
5171828,TRUE
5172466,FALSE
517484,TRUE
5177134,TRUE
5177386,FALSE
5181536,FALSE
5183193,FALSE
5185580,TRUE
5185587,FALSE
5185855,FALSE
5186106,TRUE
5187352,FALSE
5188917,TRUE
5192374,FALSE
5198936,FALSE
5200765,TRUE
5200779,FALSE
5201462,TRUE
5203787,FALSE
5204764,TRUE
5206373,FALSE
520655,FALSE
5206665,TRUE
5207759,FALSE
5209161,FALSE
521070,FALSE
5214605,FALSE
521714,FALSE
5225361,FALSE
5226824,FALSE
522746,FALSE
522903,FALSE
5241255,TRUE
524223,TRUE
5242631,FALSE
5244447,TRUE
5248935,FALSE
5251381,FALSE
5255852,FALSE
5257018,TRUE
5258080,TRUE
5264505,TRUE
5265939,FALSE
5267176,TRUE
5267569,FALSE
5268135,TRUE
5270575,FALSE
5273320,FALSE
5279537,FALSE
5281391,FALSE
5282057,TRUE
5284735,TRUE
5288777,TRUE
5290392,FALSE
5291304,TRUE
5292943,FALSE
5293493,FALSE
5294714,TRUE
5297587,FALSE
5298503,TRUE
5299744,FALSE
5305793,TRUE
5307072,FALSE
5309955,FALSE
5310082,FALSE
5315187,FALSE
5316933,FALSE
5316982,FALSE
5318163,FALSE
5319139,FALSE
5325138,FALSE
532775,FALSE
5327788,TRUE
5331713,FALSE
533312,FALSE
5333523,FALSE
5336391,TRUE
5336876,FALSE
5344281,FALSE
5344690,FALSE
5345480,FALSE
5346532,TRUE
5349203,TRUE
5354361,FALSE
5362179,FALSE
5366871,TRUE
5367802,TRUE
5371096,FALSE
5371504,TRUE
5372812,TRUE
5374378,TRUE
5374960,FALSE
5375508,TRUE
537555,FALSE
5376699,TRUE
5377280,FALSE
5379432,FALSE
5379899,TRUE
5380781,FALSE
5383500,TRUE
5383612,TRUE
5385162,FALSE
5385270,TRUE
5388362,FALSE
5389109,TRUE
5398118,TRUE
5399025,FALSE
5409713,TRUE
5410090,FALSE
5411329,FALSE
5415271,FALSE
5416495,FALSE
5416704,TRUE
54184,FALSE
5421200,TRUE
5423171,FALSE
5423224,FALSE
542568,TRUE
5430306,FALSE
5430431,FALSE
5433659,FALSE
5436733,TRUE
5437760,TRUE
5441844,FALSE
5442036,FALSE
5443160,TRUE
5447482,FALSE
5448549,FALSE
5449503,FALSE
5450678,FALSE
5450716,FALSE
5453226,FALSE
5453995,FALSE
5456503,FALSE
5456749,FALSE
5457586,FALSE
5458974,FALSE
546248,FALSE
5462953,FALSE
5463179,FALSE
5464429,FALSE
5464468,FALSE
546781,FALSE
5468377,FALSE
5469515,FALSE
5470963,FALSE
5472023,FALSE
5476665,FALSE
5476788,FALSE
5477625,FALSE
5478059,FALSE
547882,FALSE
5479124,FALSE
5479202,FALSE
5479521,FALSE
5479526,FALSE
5486958,TRUE
5490894,FALSE
5490945,FALSE
5490967,FALSE
5492170,FALSE
5492401,FALSE
5494959,FALSE
5496389,FALSE
5497634,FALSE
5497759,FALSE
5498381,FALSE
5501557,FALSE
5502703,FALSE
5503323,FALSE
5504762,FALSE
5507006,FALSE
5510332,FALSE
5511469,FALSE
551185,FALSE
5512498,FALSE
5512767,FALSE
5513133,TRUE
5514517,TRUE
5518860,FALSE
5519454,FALSE
5519520,FALSE
5519998,FALSE
552310,TRUE
5525286,FALSE
5525427,FALSE
5540820,FALSE
5542207,FALSE
554367,TRUE
5555464,FALSE
5560222,FALSE
5562088,FALSE
5565142,FALSE
5566116,FALSE
5568141,FALSE
5568907,FALSE
5571457,FALSE
557375,TRUE
5573755,FALSE
5574499,TRUE
5575224,FALSE
5575377,FALSE
5575466,FALSE
5575896,FALSE
5576227,TRUE
5576438,TRUE
5576828,FALSE
5585156,TRUE
55860,FALSE
5586029,FALSE
5588618,FALSE
558876,FALSE
5588919,FALSE
5590568,FALSE
5594942,FALSE
5595158,FALSE
5595788,FALSE
5600562,FALSE
5605733,TRUE
561261,FALSE
5612965,FALSE
5617062,FALSE
5618040,FALSE
5622825,FALSE
5627611,TRUE
5629347,TRUE
5636393,FALSE
5640203,TRUE
5641121,TRUE
5641895,FALSE
5641978,FALSE
5643442,FALSE
564437,FALSE
5647813,FALSE
5648059,FALSE
5652389,FALSE
5654529,FALSE
565580,TRUE
5661879,FALSE
566201,FALSE
5663122,FALSE
566918,FALSE
5669887,TRUE
5670462,FALSE
5670999,TRUE
5671816,FALSE
5674775,TRUE
5677488,TRUE
567910,FALSE
5679532,TRUE
5679962,FALSE
5682780,FALSE
5683382,FALSE
5683495,FALSE
5685573,FALSE
5686637,FALSE
5690324,FALSE
5690982,TRUE
5691227,TRUE
5691863,TRUE
5696261,TRUE
5696859,TRUE
5696922,TRUE
5697167,TRUE
5698413,TRUE
5701258,FALSE
5704386,TRUE
5706338,TRUE
5707778,FALSE
5714016,TRUE
5715683,FALSE
5717061,FALSE
5718067,TRUE
5720580,FALSE
5724414,FALSE
5725652,TRUE
5728850,FALSE
5734043,FALSE
5734113,TRUE
5738682,FALSE
5742728,TRUE
5743080,TRUE
5747860,FALSE
5749249,FALSE
5750252,FALSE
5754053,FALSE
5754338,TRUE
575521,FALSE
5762313,FALSE
5765834,FALSE
5765861,FALSE
5768586,FALSE
5770237,FALSE
5772491,FALSE
5775363,TRUE
5776641,FALSE
5779143,FALSE
5781814,TRUE
5786279,TRUE
5787869,FALSE
5790695,TRUE
5799473,FALSE
5801629,TRUE
5803762,TRUE
5804036,FALSE
5810880,FALSE
5812323,FALSE
5813394,FALSE
5813768,TRUE
5817713,FALSE
5819231,FALSE
5820725,FALSE
582346,TRUE
5824213,FALSE
5824537,FALSE
5824558,FALSE
582869,TRUE
5830658,TRUE
5831836,FALSE
583659,FALSE
5836783,TRUE
583877,TRUE
5841089,FALSE
584161,FALSE
5842075,FALSE
584286,FALSE
5849636,FALSE
5851548,FALSE
5852539,TRUE
5855470,FALSE
5858374,FALSE
5859450,TRUE
5861524,FALSE
5861931,FALSE
5863506,FALSE
5865838,FALSE
5866016,FALSE
5867040,FALSE
5870023,FALSE
5870981,FALSE
5871512,FALSE
5872612,TRUE
5872982,FALSE
587417,FALSE
5874250,TRUE
5876675,FALSE
5877344,FALSE
5877586,FALSE
587864,FALSE
5878733,FALSE
5881606,FALSE
5889066,TRUE
5889793,FALSE
5891587,TRUE
589507,FALSE
5903885,TRUE
5907789,TRUE
5912195,TRUE
591347,FALSE
5914802,FALSE
5915743,FALSE
5917677,FALSE
5920583,TRUE
5922501,TRUE
5923461,FALSE
5923665,TRUE
5931886,FALSE
5931930,FALSE
5934474,FALSE
5937255,FALSE
5937420,TRUE
5937663,FALSE
5939717,TRUE
5939917,FALSE
5940659,TRUE
5943284,FALSE
59467,TRUE
5958941,TRUE
5960472,TRUE
5961624,TRUE
5962228,TRUE
5966472,TRUE
5967132,TRUE
5968188,TRUE
5970057,TRUE
5970107,TRUE
5970430,TRUE
5970784,TRUE
5972703,TRUE
5976382,TRUE
5976683,TRUE
5978844,TRUE
5979711,TRUE
598047,TRUE
5983319,TRUE
5984523,TRUE
5986941,TRUE
5987410,TRUE
5988664,TRUE
5991760,TRUE
5992572,TRUE
5993047,TRUE
5994384,TRUE
6000876,TRUE
6004436,TRUE
6005158,TRUE
6011238,TRUE
6011573,TRUE
6012339,TRUE
6013540,FALSE
6013648,TRUE
6015865,FALSE
6016583,FALSE
602053,FALSE
6020976,FALSE
6023523,FALSE
6024118,FALSE
6025854,FALSE
6026090,FALSE
603079,FALSE
6033254,TRUE
6035021,FALSE
603682,FALSE
6050493,TRUE
6053172,FALSE
6054074,FALSE
6055771,TRUE
6060367,TRUE
6063050,FALSE
6064137,FALSE
6064443,TRUE
6068633,TRUE
6070434,FALSE
6072150,TRUE
607316,FALSE
6073984,TRUE
6076336,FALSE
6078200,FALSE
6082801,TRUE
6083788,FALSE
608680,FALSE
6091573,TRUE
6092560,FALSE
609374,FALSE
6094310,FALSE
6095183,FALSE
6097718,FALSE
6099816,FALSE
6100011,FALSE
6105104,TRUE
6106675,FALSE
6108144,TRUE
6111618,FALSE
6112421,TRUE
611269,FALSE
6113229,FALSE
6113421,FALSE
6119365,FALSE
6121778,FALSE
6121808,FALSE
612323,FALSE
6124357,FALSE
6127312,FALSE
6130459,FALSE
6131395,FALSE
6132493,TRUE
6133793,FALSE
6134323,TRUE
6134793,FALSE
6134940,FALSE
6135221,TRUE
6142605,FALSE
6142813,FALSE
6143098,TRUE
6144464,TRUE
6144914,FALSE
6149364,TRUE
6149700,FALSE
6152421,FALSE
6153079,FALSE
6155394,TRUE
6155640,TRUE
6164229,TRUE
6171586,FALSE
6174719,TRUE
6177348,FALSE
617907,FALSE
6179244,TRUE
6180900,FALSE
6181623,TRUE
6182767,TRUE
6184936,TRUE
6185886,FALSE
6189373,TRUE
6191924,FALSE
6195611,FALSE
6196650,TRUE
6196783,FALSE
6197984,FALSE
6200051,FALSE
620275,TRUE
6203724,FALSE
620615,FALSE
6207169,FALSE
6210595,TRUE
6211181,TRUE
6214576,FALSE
6217165,TRUE
6218776,FALSE
6219938,TRUE
6220291,TRUE
622418,TRUE
6224868,FALSE
62253,FALSE
6227480,TRUE
6228651,TRUE
6233360,FALSE
6233511,FALSE
623357,TRUE
6233814,FALSE
6235361,FALSE
623796,TRUE
6241334,FALSE
6242321,FALSE
6243481,TRUE
62439,FALSE
624623,FALSE
624625,TRUE
6246750,FALSE
6248171,FALSE
6254590,FALSE
625619,TRUE
6257935,TRUE
6259936,FALSE
6262579,FALSE
6265507,FALSE
6265744,FALSE
6267211,FALSE
6268318,FALSE
6272740,TRUE
6274108,FALSE
6276374,TRUE
6277093,FALSE
628061,FALSE
6284780,TRUE
6287533,TRUE
6287555,TRUE
6293856,FALSE
6297285,FALSE
629850,FALSE
6304003,FALSE
6304081,TRUE
6304477,TRUE
6306235,TRUE
6306610,FALSE
6307212,FALSE
6314034,FALSE
6317196,FALSE
6322627,FALSE
6323832,FALSE
6324503,FALSE
6325398,FALSE
6326747,FALSE
632744,FALSE
6328398,FALSE
6335877,TRUE
634766,FALSE
6355834,FALSE
6356293,FALSE
6360822,FALSE
6361084,FALSE
6363222,FALSE
6363627,FALSE
6365748,FALSE
6368821,FALSE
6369874,FALSE
6369889,FALSE
6370400,FALSE
6371589,TRUE
6373271,FALSE
6374348,FALSE
6375398,TRUE
6379443,TRUE
6381095,FALSE
6382577,TRUE
6383972,FALSE
6385571,TRUE
6386555,TRUE
638749,FALSE
6395830,FALSE
6397566,TRUE
6398253,FALSE
6400798,TRUE
6404663,FALSE
6408101,TRUE
6408958,TRUE
6411609,FALSE
6412101,FALSE
6412919,FALSE
641355,FALSE
6413734,FALSE
6421416,FALSE
6421793,TRUE
6423308,TRUE
6432510,TRUE
6434975,FALSE
6440841,FALSE
6441881,TRUE
6441934,TRUE
6442955,TRUE
6443594,TRUE
6446157,TRUE
6447592,TRUE
6447878,TRUE
6450521,TRUE
6451681,TRUE
6452147,TRUE
6452353,TRUE
6454138,FALSE
6456678,FALSE
6461083,FALSE
6464570,FALSE
646569,FALSE
646656,TRUE
6467248,TRUE
6468312,TRUE
6472845,FALSE
6474126,FALSE
6474539,TRUE
6478079,FALSE
6480445,FALSE
6481774,FALSE
64818,FALSE
6482040,TRUE
648436,FALSE
6484620,FALSE
64866,FALSE
6489648,FALSE
6495723,TRUE
6495842,TRUE
6496707,FALSE
6499409,TRUE
6504975,TRUE
6507471,TRUE
6510542,FALSE
6511666,TRUE
6512144,FALSE
6513418,FALSE
6516187,TRUE
6520864,FALSE
6520943,FALSE
6527453,TRUE
6527785,TRUE
6529021,FALSE
6529123,FALSE
6531281,TRUE
6535254,TRUE
6537873,FALSE
6538514,TRUE
6541240,TRUE
6543363,FALSE
6556324,FALSE
6556628,TRUE
655784,FALSE
655862,FALSE
6558984,FALSE
6562425,TRUE
6564328,TRUE
6565532,FALSE
6565593,FALSE
6566030,FALSE
6567517,FALSE
657577,FALSE
6582581,FALSE
6583291,TRUE
6584120,FALSE
6588565,TRUE
6589435,TRUE
6591363,TRUE
6591892,FALSE
6592507,TRUE
6592817,TRUE
6598878,FALSE
660050,TRUE
6601262,TRUE
6601736,TRUE
6611545,FALSE
6612549,FALSE
661724,FALSE
6618519,TRUE
6623114,TRUE
6624138,FALSE
6625892,TRUE
6631049,TRUE
6637896,FALSE
6648522,FALSE
6649464,TRUE
6650261,TRUE
6651152,FALSE
6652674,FALSE
6653173,TRUE
665730,TRUE
665855,TRUE
6659165,FALSE
6669302,FALSE
6674070,TRUE
6675807,FALSE
6677719,TRUE
6677832,FALSE
6677930,TRUE
6680258,TRUE
6682206,FALSE
6683198,FALSE
6683445,FALSE
6686874,TRUE
6687097,TRUE
6688060,FALSE
6689176,FALSE
6691223,FALSE
6694942,FALSE
669616,TRUE
6697125,FALSE
6697718,FALSE
669785,TRUE
6698403,FALSE
6699597,FALSE
6699826,FALSE
670426,FALSE
6705561,TRUE
6708073,TRUE
6713513,TRUE
6714896,TRUE
6717137,FALSE
6721363,FALSE
6723243,TRUE
672363,FALSE
6723882,TRUE
6726724,FALSE
6730659,FALSE
6733967,FALSE
6735233,FALSE
6736780,TRUE
6740295,TRUE
6740946,TRUE
6741608,FALSE
6742214,FALSE
6746685,FALSE
6747567,FALSE
6752051,FALSE
6752820,FALSE
6752953,TRUE
6753627,TRUE
6753789,TRUE
675827,TRUE
6759281,TRUE
6761792,TRUE
6761800,TRUE
6762880,TRUE
6763468,FALSE
6767266,FALSE
6767505,TRUE
676778,FALSE
676818,FALSE
677053,FALSE
6773768,FALSE
6780590,FALSE
6782246,TRUE
6782755,TRUE
6784843,FALSE
6790041,TRUE
6790499,FALSE
6793076,FALSE
6793361,TRUE
6795135,FALSE
6795192,TRUE
6798291,FALSE
6805629,FALSE
6808844,FALSE
6809861,FALSE
6812986,TRUE
6813267,TRUE
6813440,TRUE
6819397,FALSE
681969,FALSE
6821976,FALSE
6839281,FALSE
6839896,FALSE
6841547,TRUE
6843641,FALSE
684908,FALSE
6849386,TRUE
6849951,TRUE
6850206,TRUE
6854811,TRUE
6858868,FALSE
6861002,TRUE
6861784,FALSE
6862266,TRUE
6865941,FALSE
6866194,TRUE
6867410,FALSE
686751,FALSE
6873369,FALSE
6873695,TRUE
6873981,TRUE
687417,FALSE
6877586,FALSE
6879005,FALSE
688365,FALSE
6889077,FALSE
6891203,FALSE
6892845,FALSE
6893513,FALSE
6893996,FALSE
689403,TRUE
6895323,FALSE
6896228,FALSE
6900038,FALSE
6910451,FALSE
6910669,TRUE
6911230,FALSE
6912300,FALSE
6914091,FALSE
6916089,FALSE
6916107,FALSE
6917421,FALSE
6924688,FALSE
6928123,FALSE
6928624,TRUE
693176,FALSE
6932194,TRUE
69343,FALSE
6941257,TRUE
694455,FALSE
6944774,TRUE
6946015,TRUE
6946293,TRUE
6948024,TRUE
6950244,FALSE
6957419,TRUE
6959288,TRUE
6960635,FALSE
6961,FALSE
6964635,TRUE
6965978,TRUE
6968717,FALSE
697109,TRUE
698553,TRUE
699600,FALSE
703810,FALSE
706063,TRUE
70642,TRUE
708864,FALSE
710573,TRUE
712434,TRUE
714356,TRUE
716382,FALSE
716605,FALSE
718713,FALSE
720707,FALSE
720763,FALSE
721853,FALSE
723447,FALSE
725210,FALSE
729080,FALSE
73627,FALSE
736519,FALSE
739050,FALSE
739165,FALSE
739434,TRUE
739863,FALSE
740359,TRUE
740613,TRUE
742988,TRUE
743017,TRUE
771682,TRUE
771745,TRUE
771977,TRUE
77305,FALSE
773909,TRUE
775667,FALSE
776861,TRUE
783682,FALSE
787283,FALSE
787492,FALSE
79090,FALSE
790912,TRUE
79475,TRUE
795142,FALSE
797476,FALSE
798180,TRUE
798403,FALSE
79857,FALSE
799275,FALSE
804775,FALSE
806754,TRUE
808753,FALSE
81347,FALSE
814800,FALSE
815188,FALSE
818227,TRUE
821008,TRUE
821136,TRUE
822675,TRUE
822828,TRUE
824636,TRUE
825031,TRUE
826020,TRUE
82743,FALSE
829682,TRUE
829968,TRUE
830575,TRUE
831439,TRUE
832722,TRUE
833841,TRUE
833894,TRUE
835758,FALSE
835956,FALSE
836487,FALSE
838238,FALSE
838481,FALSE
838512,FALSE
839194,FALSE
839784,FALSE
841059,FALSE
842070,FALSE
842132,FALSE
842832,FALSE
844877,FALSE
85755,FALSE
857619,FALSE
86053,FALSE
860634,FALSE
867343,TRUE
868677,FALSE
87081,FALSE
871386,FALSE
873616,TRUE
877551,TRUE
878383,FALSE
878992,TRUE
880487,TRUE
882598,FALSE
882763,TRUE
885962,FALSE
886462,FALSE
886537,FALSE
888602,FALSE
889008,TRUE
892735,FALSE
897912,TRUE
898774,FALSE
901155,FALSE
902499,FALSE
904690,TRUE
904834,TRUE
905468,FALSE
911159,FALSE
911519,TRUE
912311,TRUE
91489,TRUE
916169,FALSE
919541,FALSE
919765,TRUE
919884,TRUE
923525,FALSE
925324,TRUE
925489,FALSE
929711,TRUE
930580,TRUE
931836,FALSE
935040,FALSE
935580,TRUE
936244,TRUE
937210,FALSE
938901,TRUE
939133,TRUE
939522,TRUE
946614,FALSE
946982,FALSE
94825,FALSE
949054,FALSE
949073,TRUE
955856,TRUE
957910,TRUE
959768,FALSE
962738,TRUE
964559,FALSE
964950,TRUE
966558,TRUE
968054,TRUE
969493,TRUE
974475,TRUE
975002,TRUE
979560,TRUE
983430,TRUE
983647,TRUE
98410,TRUE
985303,TRUE
987235,TRUE
993130,FALSE
993439,TRUE
993811,TRUE
994893,FALSE
997945,TRUE
999700,FALSE
